/*
 Navicat Premium Data Transfer

 Source Server         : localhost
 Source Server Type    : MySQL
 Source Server Version : 80030 (8.0.30)
 Source Host           : localhost:3306
 Source Schema         : myresume

 Target Server Type    : MySQL
 Target Server Version : 80030 (8.0.30)
 File Encoding         : 65001

 Date: 16/09/2023 01:38:36
*/

SET NAMES utf8mb4;
SET FOREIGN_KEY_CHECKS = 0;

-- ----------------------------
-- Table structure for about
-- ----------------------------
DROP TABLE IF EXISTS `about`;
CREATE TABLE `about`  (
  `key` varchar(200) CHARACTER SET utf8mb3 COLLATE utf8mb3_general_ci NOT NULL,
  `value` text CHARACTER SET utf8mb3 COLLATE utf8mb3_general_ci NULL,
  PRIMARY KEY (`key`) USING BTREE
) ENGINE = InnoDB CHARACTER SET = utf8mb3 COLLATE = utf8mb3_general_ci ROW_FORMAT = Dynamic;

-- ----------------------------
-- Records of about
-- ----------------------------
INSERT INTO `about` VALUES ('about_me', 'Pengembang Web Full Stack yang paham teknologi mahir dalam bahasa front-end dasar dan bahasa sisi server.\r\nPengetahuan mendalam tentang Laravel, Node.js, MySQL dan PostgreSQL.\r\nAnalitis dan profesional yang tepat dengan 3 tahun pengalaman mengambil alih pengembangan web front-end dan back-end.\r\nTerampil membuat server dan database untuk fungsionalitas dan merancang dan mengembangkan API.\r\nKolaborator pekerja keras dengan rekam jejak hasil yang unggul.');
INSERT INTO `about` VALUES ('address', 'Jl. Kp. Balong No.22A RT.06/RW.11 Kel. Bojong Gede Kec. Bojonggede Kab. Bogor 16922');
INSERT INTO `about` VALUES ('avatar', 'profile.jpg');
INSERT INTO `about` VALUES ('behance', 'https://www.website.com');
INSERT INTO `about` VALUES ('codepen', 'https://www.website.com');
INSERT INTO `about` VALUES ('dribbble', 'https://www.website.com');
INSERT INTO `about` VALUES ('dropbox', 'https://www.website.com');
INSERT INTO `about` VALUES ('email', 'cs@anekaproject.com\r\ndeni.w4f@gmail.com');
INSERT INTO `about` VALUES ('facebook', 'https://www.website.com');
INSERT INTO `about` VALUES ('flickr', 'https://www.website.com');
INSERT INTO `about` VALUES ('instagram', 'https://www.website.com');
INSERT INTO `about` VALUES ('latitude', '-6.4865035');
INSERT INTO `about` VALUES ('linkedin', 'https://www.website.com');
INSERT INTO `about` VALUES ('longitude', '106.7992588');
INSERT INTO `about` VALUES ('name', 'Deni Suryadi');
INSERT INTO `about` VALUES ('nationality', 'Jawa Barat, Indonesia');
INSERT INTO `about` VALUES ('num_awards', '22');
INSERT INTO `about` VALUES ('num_experience', '5');
INSERT INTO `about` VALUES ('num_happy_clients', '1200');
INSERT INTO `about` VALUES ('num_meetings', '120');
INSERT INTO `about` VALUES ('num_projects', '300');
INSERT INTO `about` VALUES ('phone', '0855 160 7171');
INSERT INTO `about` VALUES ('pinterest', 'https://www.website.com');
INSERT INTO `about` VALUES ('position_typing', 'Fullstack Developer\r\nLaravel Developer\r\nWeb Developer');
INSERT INTO `about` VALUES ('reddit', 'https://www.website.com');
INSERT INTO `about` VALUES ('resume', 'resume.txt');
INSERT INTO `about` VALUES ('rss', 'https://www.website.com');
INSERT INTO `about` VALUES ('skype', 'https://www.website.com');
INSERT INTO `about` VALUES ('snapchat', 'https://www.website.com');
INSERT INTO `about` VALUES ('soundcloud', 'https://www.website.com');
INSERT INTO `about` VALUES ('stackoverfolw', 'https://www.website.com');
INSERT INTO `about` VALUES ('tumblr', 'https://www.website.com');
INSERT INTO `about` VALUES ('twitter', 'https://www.website.com');
INSERT INTO `about` VALUES ('video_link', 'https://www.youtube.com/watch?v=uaZEeU6NzaM');
INSERT INTO `about` VALUES ('vimeo', 'https://www.website.com');
INSERT INTO `about` VALUES ('whatsapp', '');
INSERT INTO `about` VALUES ('yelp', 'https://www.website.com');
INSERT INTO `about` VALUES ('youtube', 'https://www.website.com');

-- ----------------------------
-- Table structure for appointments
-- ----------------------------
DROP TABLE IF EXISTS `appointments`;
CREATE TABLE `appointments`  (
  `appointment_id` int NOT NULL AUTO_INCREMENT,
  `sa_status` enum('0','1') CHARACTER SET utf8mb3 COLLATE utf8mb3_general_ci NULL DEFAULT '0',
  `sa_st_time` varchar(30) CHARACTER SET utf8mb3 COLLATE utf8mb3_general_ci NULL DEFAULT NULL,
  `sa_en_time` varchar(30) CHARACTER SET utf8mb3 COLLATE utf8mb3_general_ci NULL DEFAULT NULL,
  `su_status` enum('0','1') CHARACTER SET utf8mb3 COLLATE utf8mb3_general_ci NULL DEFAULT '0',
  `su_st_time` varchar(30) CHARACTER SET utf8mb3 COLLATE utf8mb3_general_ci NULL DEFAULT NULL,
  `su_en_time` varchar(30) CHARACTER SET utf8mb3 COLLATE utf8mb3_general_ci NULL DEFAULT NULL,
  `mo_status` enum('0','1') CHARACTER SET utf8mb3 COLLATE utf8mb3_general_ci NULL DEFAULT '0',
  `mo_st_time` varchar(30) CHARACTER SET utf8mb3 COLLATE utf8mb3_general_ci NULL DEFAULT NULL,
  `mo_en_time` varchar(30) CHARACTER SET utf8mb3 COLLATE utf8mb3_general_ci NULL DEFAULT NULL,
  `tu_status` enum('0','1') CHARACTER SET utf8mb3 COLLATE utf8mb3_general_ci NULL DEFAULT '0',
  `tu_st_time` varchar(30) CHARACTER SET utf8mb3 COLLATE utf8mb3_general_ci NULL DEFAULT NULL,
  `tu_en_time` varchar(30) CHARACTER SET utf8mb3 COLLATE utf8mb3_general_ci NULL DEFAULT NULL,
  `we_status` enum('0','1') CHARACTER SET utf8mb3 COLLATE utf8mb3_general_ci NULL DEFAULT '0',
  `we_st_time` varchar(30) CHARACTER SET utf8mb3 COLLATE utf8mb3_general_ci NULL DEFAULT NULL,
  `we_en_time` varchar(30) CHARACTER SET utf8mb3 COLLATE utf8mb3_general_ci NULL DEFAULT NULL,
  `th_status` enum('0','1') CHARACTER SET utf8mb3 COLLATE utf8mb3_general_ci NULL DEFAULT '0',
  `th_st_time` varchar(30) CHARACTER SET utf8mb3 COLLATE utf8mb3_general_ci NULL DEFAULT NULL,
  `th_en_time` varchar(30) CHARACTER SET utf8mb3 COLLATE utf8mb3_general_ci NULL DEFAULT NULL,
  `fr_status` enum('0','1') CHARACTER SET utf8mb3 COLLATE utf8mb3_general_ci NULL DEFAULT '0',
  `fr_st_time` varchar(30) CHARACTER SET utf8mb3 COLLATE utf8mb3_general_ci NULL DEFAULT NULL,
  `fr_en_time` varchar(30) CHARACTER SET utf8mb3 COLLATE utf8mb3_general_ci NULL DEFAULT NULL,
  PRIMARY KEY (`appointment_id`) USING BTREE
) ENGINE = MyISAM AUTO_INCREMENT = 2 CHARACTER SET = utf8mb3 COLLATE = utf8mb3_general_ci ROW_FORMAT = Dynamic;

-- ----------------------------
-- Records of appointments
-- ----------------------------
INSERT INTO `appointments` VALUES (1, '1', '1:15:40 AM', '3:15:40 AM', '1', '2:15:40 AM', '2:15:40 AM', '1', '3:15:40 AM', '3:15:40 AM', '1', '4:15:40 AM', '4:15:40 AM', '1', '5:15:40 AM', '5:15:40 AM', '1', '6:15:40 AM', '6:15:40 AM', '1', '7:15:40 AM', '7:15:40 AM');

-- ----------------------------
-- Table structure for blog
-- ----------------------------
DROP TABLE IF EXISTS `blog`;
CREATE TABLE `blog`  (
  `blog_id` int NOT NULL AUTO_INCREMENT,
  `title` varchar(300) CHARACTER SET utf8mb3 COLLATE utf8mb3_general_ci NULL DEFAULT NULL,
  `description` text CHARACTER SET utf8mb3 COLLATE utf8mb3_general_ci NULL,
  `image` varchar(150) CHARACTER SET utf8mb3 COLLATE utf8mb3_general_ci NULL DEFAULT NULL,
  `datetime` datetime NULL DEFAULT NULL,
  `author` varchar(150) CHARACTER SET utf8mb3 COLLATE utf8mb3_general_ci NULL DEFAULT NULL,
  `short_description` varchar(300) CHARACTER SET utf8mb3 COLLATE utf8mb3_general_ci NULL DEFAULT NULL,
  `visits` int NULL DEFAULT 0,
  `blog_category_id` int NULL DEFAULT NULL,
  `meta_keywords` text CHARACTER SET utf8mb3 COLLATE utf8mb3_general_ci NULL,
  `display` enum('0','1') CHARACTER SET utf8mb3 COLLATE utf8mb3_general_ci NULL DEFAULT '1',
  `meta_description` text CHARACTER SET utf8mb3 COLLATE utf8mb3_general_ci NULL,
  PRIMARY KEY (`blog_id`) USING BTREE
) ENGINE = InnoDB AUTO_INCREMENT = 19 CHARACTER SET = utf8mb3 COLLATE = utf8mb3_general_ci ROW_FORMAT = Dynamic;

-- ----------------------------
-- Records of blog
-- ----------------------------
INSERT INTO `blog` VALUES (1, 'Recent trends in story', '<p>Nam nisl lacus, dignissim ac tristique ut, scelerisque eu massa. Vestibulum ligula nunc, rutrum in malesuada vitae, tempus sed augue. Curabitur quis lectus quis augue dapibus facilisis. Vivamus tincidunt orci est, in vehicula nisi eleifend ut. Vestibulum sagittis varius orci vitae.</p>\r\n                                            <div class=\"post-quote\">\r\n                                                <span class=\"icon\"></span>\r\n                                                <blockquote>\r\n                                                    Mauris aliquet ultricies ante, non faucibus ante gravida sed. Sed ultrices pellentesque purus, vulputate volutpat ipsum hendrerit sed neque sed sapien rutrum.\r\n                                                </blockquote>\r\n                                            </div>\r\n                                            <p>In ut odio libero, at vulputate urna. Nulla tristique mi a massa convallis cursus. Nulla eu mi magna. Etiam suscipit commodo gravida. Cras suscipit, quam vitae adipiscing faucibus, risus nibh laoreet odio, a porttitor metus eros ut enim. Morbi augue velit, tempus mattis dignissim nec, porta sed risus. Donec eget magna eu lorem tristique pellentesque eget eu dui. Fusce lacinia tempor malesuada. Ut lacus sapien, placerat a ornare nec, elementum sit amet felis. Maecenas pretium lorem hendrerit eros sagittis fermentum.</p>\r\n                                            <p>Phasellus enim magna, varius et commodo ut, ultricies vitae velit. Ut nulla tellus, eleifend euismod pellentesque vel, sagittis vel justo. In libero urna, venenatis sit amet ornare non, suscipit nec risus. Sed consequat justo non mauris pretium at tempor justo sodales. Quisque tincidunt laoreet malesuada. Cum sociis natoque penatibus et magnis dis parturient montes, nascetur ridiculus mus. Integer vitae ante enim. Fusce sed elit est. Suspendisse sit amet mauris in quam pretium faucibus et aliquam odio. </p>\r\n                                            ', '1.jpg', '2019-03-10 04:59:52', 'Marwa El-Manawy', 'There are many variations of passages of Lorem Ipsum available, but the majority .', 132, 1, 'tutorial,fashion,cms,script,product,fashion,template,blog,posts', '1', NULL);
INSERT INTO `blog` VALUES (2, 'Content builder posts', '<p>Nam nisl lacus, dignissim ac tristique ut, scelerisque eu massa. Vestibulum ligula nunc, rutrum in malesuada vitae, tempus sed augue. Curabitur quis lectus quis augue dapibus facilisis. Vivamus tincidunt orci est, in vehicula nisi eleifend ut. Vestibulum sagittis varius orci vitae.</p>\r\n                                            <div class=\"post-quote\">\r\n                                                <span class=\"icon\"></span>\r\n                                                <blockquote>\r\n                                                    Mauris aliquet ultricies ante, non faucibus ante gravida sed. Sed ultrices pellentesque purus, vulputate volutpat ipsum hendrerit sed neque sed sapien rutrum.\r\n                                                </blockquote>\r\n                                            </div>\r\n                                            <p>In ut odio libero, at vulputate urna. Nulla tristique mi a massa convallis cursus. Nulla eu mi magna. Etiam suscipit commodo gravida. Cras suscipit, quam vitae adipiscing faucibus, risus nibh laoreet odio, a porttitor metus eros ut enim. Morbi augue velit, tempus mattis dignissim nec, porta sed risus. Donec eget magna eu lorem tristique pellentesque eget eu dui. Fusce lacinia tempor malesuada. Ut lacus sapien, placerat a ornare nec, elementum sit amet felis. Maecenas pretium lorem hendrerit eros sagittis fermentum.</p>\r\n                                            <p>Phasellus enim magna, varius et commodo ut, ultricies vitae velit. Ut nulla tellus, eleifend euismod pellentesque vel, sagittis vel justo. In libero urna, venenatis sit amet ornare non, suscipit nec risus. Sed consequat justo non mauris pretium at tempor justo sodales. Quisque tincidunt laoreet malesuada. Cum sociis natoque penatibus et magnis dis parturient montes, nascetur ridiculus mus. Integer vitae ante enim. Fusce sed elit est. Suspendisse sit amet mauris in quam pretium faucibus et aliquam odio. </p>\r\n                                            ', '2.jpg', '2019-03-10 04:59:52', 'Marwa El-Manawy', 'There are many variations of passages of Lorem Ipsum available, but the majority .', 105, 4, 'tutorial, fashion, cms, script, product, fashion, template, blog, poststutorial,fashion,cms,script,product,fashion,template,blog,posts', '1', NULL);
INSERT INTO `blog` VALUES (3, 'Transitions In Design', '<p>Nam nisl lacus, dignissim ac tristique ut, scelerisque eu massa. Vestibulum ligula nunc, rutrum in malesuada vitae, tempus sed augue. Curabitur quis lectus quis augue dapibus facilisis. Vivamus tincidunt orci est, in vehicula nisi eleifend ut. Vestibulum sagittis varius orci vitae.</p>\r\n                                            <div class=\"post-quote\">\r\n                                                <span class=\"icon\"></span>\r\n                                                <blockquote>\r\n                                                    Mauris aliquet ultricies ante, non faucibus ante gravida sed. Sed ultrices pellentesque purus, vulputate volutpat ipsum hendrerit sed neque sed sapien rutrum.\r\n                                                </blockquote>\r\n                                            </div>\r\n                                            <p>In ut odio libero, at vulputate urna. Nulla tristique mi a massa convallis cursus. Nulla eu mi magna. Etiam suscipit commodo gravida. Cras suscipit, quam vitae adipiscing faucibus, risus nibh laoreet odio, a porttitor metus eros ut enim. Morbi augue velit, tempus mattis dignissim nec, porta sed risus. Donec eget magna eu lorem tristique pellentesque eget eu dui. Fusce lacinia tempor malesuada. Ut lacus sapien, placerat a ornare nec, elementum sit amet felis. Maecenas pretium lorem hendrerit eros sagittis fermentum.</p>\r\n                                            <p>Phasellus enim magna, varius et commodo ut, ultricies vitae velit. Ut nulla tellus, eleifend euismod pellentesque vel, sagittis vel justo. In libero urna, venenatis sit amet ornare non, suscipit nec risus. Sed consequat justo non mauris pretium at tempor justo sodales. Quisque tincidunt laoreet malesuada. Cum sociis natoque penatibus et magnis dis parturient montes, nascetur ridiculus mus. Integer vitae ante enim. Fusce sed elit est. Suspendisse sit amet mauris in quam pretium faucibus et aliquam odio. </p>\r\n                                            ', '3.jpg', '2019-03-10 04:59:52', 'Marwa El-Manawy', 'There are many variations of passages of Lorem Ipsum available, but the majority .', 71, 1, 'tutorial, fashion, cms, script, product, fashion, template, blog, poststutorial,fashion,cms,script,product,fashion,template,blog,posts', '1', NULL);
INSERT INTO `blog` VALUES (4, 'Comfort classy outfits', '<p>Nam nisl lacus, dignissim ac tristique ut, scelerisque eu massa. Vestibulum ligula nunc, rutrum in malesuada vitae, tempus sed augue. Curabitur quis lectus quis augue dapibus facilisis. Vivamus tincidunt orci est, in vehicula nisi eleifend ut. Vestibulum sagittis varius orci vitae.</p>\r\n                                            <div class=\"post-quote\">\r\n                                                <span class=\"icon\"></span>\r\n                                                <blockquote>\r\n                                                    Mauris aliquet ultricies ante, non faucibus ante gravida sed. Sed ultrices pellentesque purus, vulputate volutpat ipsum hendrerit sed neque sed sapien rutrum.\r\n                                                </blockquote>\r\n                                            </div>\r\n                                            <p>In ut odio libero, at vulputate urna. Nulla tristique mi a massa convallis cursus. Nulla eu mi magna. Etiam suscipit commodo gravida. Cras suscipit, quam vitae adipiscing faucibus, risus nibh laoreet odio, a porttitor metus eros ut enim. Morbi augue velit, tempus mattis dignissim nec, porta sed risus. Donec eget magna eu lorem tristique pellentesque eget eu dui. Fusce lacinia tempor malesuada. Ut lacus sapien, placerat a ornare nec, elementum sit amet felis. Maecenas pretium lorem hendrerit eros sagittis fermentum.</p>\r\n                                            <p>Phasellus enim magna, varius et commodo ut, ultricies vitae velit. Ut nulla tellus, eleifend euismod pellentesque vel, sagittis vel justo. In libero urna, venenatis sit amet ornare non, suscipit nec risus. Sed consequat justo non mauris pretium at tempor justo sodales. Quisque tincidunt laoreet malesuada. Cum sociis natoque penatibus et magnis dis parturient montes, nascetur ridiculus mus. Integer vitae ante enim. Fusce sed elit est. Suspendisse sit amet mauris in quam pretium faucibus et aliquam odio. </p>\r\n                                            ', '4.jpg', '2019-03-10 04:59:52', 'Marwa El-Manawy', 'There are many variations of passages of Lorem Ipsum available, but the majority .', 44, 2, 'tutorial, fashion, cms, script, product, fashion, template, blog, poststutorial,fashion,cms,script,product,fashion,template,blog,posts', '1', NULL);
INSERT INTO `blog` VALUES (5, 'The new clear bolg', '<p>Nam nisl lacus, dignissim ac tristique ut, scelerisque eu massa. Vestibulum ligula nunc, rutrum in malesuada vitae, tempus sed augue. Curabitur quis lectus quis augue dapibus facilisis. Vivamus tincidunt orci est, in vehicula nisi eleifend ut. Vestibulum sagittis varius orci vitae.</p>\r\n                                            <div class=\"post-quote\">\r\n                                                <span class=\"icon\"></span>\r\n                                                <blockquote>\r\n                                                    Mauris aliquet ultricies ante, non faucibus ante gravida sed. Sed ultrices pellentesque purus, vulputate volutpat ipsum hendrerit sed neque sed sapien rutrum.\r\n                                                </blockquote>\r\n                                            </div>\r\n                                            <p>In ut odio libero, at vulputate urna. Nulla tristique mi a massa convallis cursus. Nulla eu mi magna. Etiam suscipit commodo gravida. Cras suscipit, quam vitae adipiscing faucibus, risus nibh laoreet odio, a porttitor metus eros ut enim. Morbi augue velit, tempus mattis dignissim nec, porta sed risus. Donec eget magna eu lorem tristique pellentesque eget eu dui. Fusce lacinia tempor malesuada. Ut lacus sapien, placerat a ornare nec, elementum sit amet felis. Maecenas pretium lorem hendrerit eros sagittis fermentum.</p>\r\n                                            <p>Phasellus enim magna, varius et commodo ut, ultricies vitae velit. Ut nulla tellus, eleifend euismod pellentesque vel, sagittis vel justo. In libero urna, venenatis sit amet ornare non, suscipit nec risus. Sed consequat justo non mauris pretium at tempor justo sodales. Quisque tincidunt laoreet malesuada. Cum sociis natoque penatibus et magnis dis parturient montes, nascetur ridiculus mus. Integer vitae ante enim. Fusce sed elit est. Suspendisse sit amet mauris in quam pretium faucibus et aliquam odio. </p>\r\n                                            ', '5.jpg', '2019-03-10 04:59:52', 'Marwa El-Manawy', 'There are many variations of passages of Lorem Ipsum available, but the majority .', 39, 3, 'tutorial, fashion, cms, script, product, fashion, template, blog, posts', '1', NULL);
INSERT INTO `blog` VALUES (6, 'Transitions In Design', '<p>Nam nisl lacus, dignissim ac tristique ut, scelerisque eu massa. Vestibulum ligula nunc, rutrum in malesuada vitae, tempus sed augue. Curabitur quis lectus quis augue dapibus facilisis. Vivamus tincidunt orci est, in vehicula nisi eleifend ut. Vestibulum sagittis varius orci vitae.</p>\r\n                                            <div class=\"post-quote\">\r\n                                                <span class=\"icon\"></span>\r\n                                                <blockquote>\r\n                                                    Mauris aliquet ultricies ante, non faucibus ante gravida sed. Sed ultrices pellentesque purus, vulputate volutpat ipsum hendrerit sed neque sed sapien rutrum.\r\n                                                </blockquote>\r\n                                            </div>\r\n                                            <p>In ut odio libero, at vulputate urna. Nulla tristique mi a massa convallis cursus. Nulla eu mi magna. Etiam suscipit commodo gravida. Cras suscipit, quam vitae adipiscing faucibus, risus nibh laoreet odio, a porttitor metus eros ut enim. Morbi augue velit, tempus mattis dignissim nec, porta sed risus. Donec eget magna eu lorem tristique pellentesque eget eu dui. Fusce lacinia tempor malesuada. Ut lacus sapien, placerat a ornare nec, elementum sit amet felis. Maecenas pretium lorem hendrerit eros sagittis fermentum.</p>\r\n                                            <p>Phasellus enim magna, varius et commodo ut, ultricies vitae velit. Ut nulla tellus, eleifend euismod pellentesque vel, sagittis vel justo. In libero urna, venenatis sit amet ornare non, suscipit nec risus. Sed consequat justo non mauris pretium at tempor justo sodales. Quisque tincidunt laoreet malesuada. Cum sociis natoque penatibus et magnis dis parturient montes, nascetur ridiculus mus. Integer vitae ante enim. Fusce sed elit est. Suspendisse sit amet mauris in quam pretium faucibus et aliquam odio. </p>\r\n                                            ', '6.jpg', '2019-03-10 04:59:52', 'Marwa El-Manawy', 'There are many variations of passages of Lorem Ipsum available, but the majority .', 56, 1, 'tutorial, fashion, cms, script, product, fashion, template, blog, posts', '1', NULL);
INSERT INTO `blog` VALUES (7, 'Social media websites', '<p>Nam nisl lacus, dignissim ac tristique ut, scelerisque eu massa. Vestibulum ligula nunc, rutrum in malesuada vitae, tempus sed augue. Curabitur quis lectus quis augue dapibus facilisis. Vivamus tincidunt orci est, in vehicula nisi eleifend ut. Vestibulum sagittis varius orci vitae.</p>\r\n                                            <div class=\"post-quote\">\r\n                                                <span class=\"icon\"></span>\r\n                                                <blockquote>\r\n                                                    Mauris aliquet ultricies ante, non faucibus ante gravida sed. Sed ultrices pellentesque purus, vulputate volutpat ipsum hendrerit sed neque sed sapien rutrum.\r\n                                                </blockquote>\r\n                                            </div>\r\n                                            <p>In ut odio libero, at vulputate urna. Nulla tristique mi a massa convallis cursus. Nulla eu mi magna. Etiam suscipit commodo gravida. Cras suscipit, quam vitae adipiscing faucibus, risus nibh laoreet odio, a porttitor metus eros ut enim. Morbi augue velit, tempus mattis dignissim nec, porta sed risus. Donec eget magna eu lorem tristique pellentesque eget eu dui. Fusce lacinia tempor malesuada. Ut lacus sapien, placerat a ornare nec, elementum sit amet felis. Maecenas pretium lorem hendrerit eros sagittis fermentum.</p>\r\n                                            <p>Phasellus enim magna, varius et commodo ut, ultricies vitae velit. Ut nulla tellus, eleifend euismod pellentesque vel, sagittis vel justo. In libero urna, venenatis sit amet ornare non, suscipit nec risus. Sed consequat justo non mauris pretium at tempor justo sodales. Quisque tincidunt laoreet malesuada. Cum sociis natoque penatibus et magnis dis parturient montes, nascetur ridiculus mus. Integer vitae ante enim. Fusce sed elit est. Suspendisse sit amet mauris in quam pretium faucibus et aliquam odio. </p>\r\n                                            ', '7.jpg', '2019-03-10 04:59:52', 'Marwa El-Manawy', 'There are many variations of passages of Lorem Ipsum available, but the majority .', 48, 4, 'tutorial,fashion,cms,script,product,fashion,template,blog,posts', '1', NULL);
INSERT INTO `blog` VALUES (8, 'Recent trends in story', '<p>Nam nisl lacus, dignissim ac tristique ut, scelerisque eu massa. Vestibulum ligula nunc, rutrum in malesuada vitae, tempus sed augue. Curabitur quis lectus quis augue dapibus facilisis. Vivamus tincidunt orci est, in vehicula nisi eleifend ut. Vestibulum sagittis varius orci vitae.</p>\r\n                                            <div class=\"post-quote\">\r\n                                                <span class=\"icon\"></span>\r\n                                                <blockquote>\r\n                                                    Mauris aliquet ultricies ante, non faucibus ante gravida sed. Sed ultrices pellentesque purus, vulputate volutpat ipsum hendrerit sed neque sed sapien rutrum.\r\n                                                </blockquote>\r\n                                            </div>\r\n                                            <p>In ut odio libero, at vulputate urna. Nulla tristique mi a massa convallis cursus. Nulla eu mi magna. Etiam suscipit commodo gravida. Cras suscipit, quam vitae adipiscing faucibus, risus nibh laoreet odio, a porttitor metus eros ut enim. Morbi augue velit, tempus mattis dignissim nec, porta sed risus. Donec eget magna eu lorem tristique pellentesque eget eu dui. Fusce lacinia tempor malesuada. Ut lacus sapien, placerat a ornare nec, elementum sit amet felis. Maecenas pretium lorem hendrerit eros sagittis fermentum.</p>\r\n                                            <p>Phasellus enim magna, varius et commodo ut, ultricies vitae velit. Ut nulla tellus, eleifend euismod pellentesque vel, sagittis vel justo. In libero urna, venenatis sit amet ornare non, suscipit nec risus. Sed consequat justo non mauris pretium at tempor justo sodales. Quisque tincidunt laoreet malesuada. Cum sociis natoque penatibus et magnis dis parturient montes, nascetur ridiculus mus. Integer vitae ante enim. Fusce sed elit est. Suspendisse sit amet mauris in quam pretium faucibus et aliquam odio. </p>\r\n                                            ', '8.jpg', '2019-03-10 04:59:52', 'Marwa El-Manawy', 'There are many variations of passages of Lorem Ipsum available, but the majority .', 35, 3, 'tutorial,fashion,cms,script,product,fashion,template,blog,posts', '1', NULL);
INSERT INTO `blog` VALUES (9, 'طريقة تفعيل كود اجنيتور', '<p>Nam nisl lacus, dignissim ac tristique ut, scelerisque eu massa. Vestibulum ligula nunc, rutrum in malesuada vitae, tempus sed augue. Curabitur quis lectus quis augue dapibus facilisis. Vivamus tincidunt orci est, in vehicula nisi eleifend ut. Vestibulum sagittis varius orci vitae.</p>\r\n                                            <div class=\"post-quote\">\r\n                                                <span class=\"icon\"></span>\r\n                                                <blockquote>\r\n                                                    Mauris aliquet ultricies ante, non faucibus ante gravida sed. Sed ultrices pellentesque purus, vulputate volutpat ipsum hendrerit sed neque sed sapien rutrum.\r\n                                                </blockquote>\r\n                                            </div>\r\n                                            <p>In ut odio libero, at vulputate urna. Nulla tristique mi a massa convallis cursus. Nulla eu mi magna. Etiam suscipit commodo gravida. Cras suscipit, quam vitae adipiscing faucibus, risus nibh laoreet odio, a porttitor metus eros ut enim. Morbi augue velit, tempus mattis dignissim nec, porta sed risus. Donec eget magna eu lorem tristique pellentesque eget eu dui. Fusce lacinia tempor malesuada. Ut lacus sapien, placerat a ornare nec, elementum sit amet felis. Maecenas pretium lorem hendrerit eros sagittis fermentum.</p>\r\n                                            <p>Phasellus enim magna, varius et commodo ut, ultricies vitae velit. Ut nulla tellus, eleifend euismod pellentesque vel, sagittis vel justo. In libero urna, venenatis sit amet ornare non, suscipit nec risus. Sed consequat justo non mauris pretium at tempor justo sodales. Quisque tincidunt laoreet malesuada. Cum sociis natoque penatibus et magnis dis parturient montes, nascetur ridiculus mus. Integer vitae ante enim. Fusce sed elit est. Suspendisse sit amet mauris in quam pretium faucibus et aliquam odio. </p>\r\n                                            ', '9.jpg', '2019-03-10 04:59:52', 'Marwa El-Manawy', 'There are many variations of passages of Lorem Ipsum available, but the majority .', 104, 2, 'tutorial,fashion,cms,script,product,fashion,template,blog,posts', '1', NULL);
INSERT INTO `blog` VALUES (10, 'The new clear bolg', '<p>Nam nisl lacus, dignissim ac tristique ut, scelerisque eu massa. Vestibulum ligula nunc, rutrum in malesuada vitae, tempus sed augue. Curabitur quis lectus quis augue dapibus facilisis. Vivamus tincidunt orci est, in vehicula nisi eleifend ut. Vestibulum sagittis varius orci vitae.</p>\r\n                                            <div class=\"post-quote\">\r\n                                                <span class=\"icon\"></span>\r\n                                                <blockquote>\r\n                                                    Mauris aliquet ultricies ante, non faucibus ante gravida sed. Sed ultrices pellentesque purus, vulputate volutpat ipsum hendrerit sed neque sed sapien rutrum.\r\n                                                </blockquote>\r\n                                            </div>\r\n                                            <p>In ut odio libero, at vulputate urna. Nulla tristique mi a massa convallis cursus. Nulla eu mi magna. Etiam suscipit commodo gravida. Cras suscipit, quam vitae adipiscing faucibus, risus nibh laoreet odio, a porttitor metus eros ut enim. Morbi augue velit, tempus mattis dignissim nec, porta sed risus. Donec eget magna eu lorem tristique pellentesque eget eu dui. Fusce lacinia tempor malesuada. Ut lacus sapien, placerat a ornare nec, elementum sit amet felis. Maecenas pretium lorem hendrerit eros sagittis fermentum.</p>\r\n                                            <p>Phasellus enim magna, varius et commodo ut, ultricies vitae velit. Ut nulla tellus, eleifend euismod pellentesque vel, sagittis vel justo. In libero urna, venenatis sit amet ornare non, suscipit nec risus. Sed consequat justo non mauris pretium at tempor justo sodales. Quisque tincidunt laoreet malesuada. Cum sociis natoque penatibus et magnis dis parturient montes, nascetur ridiculus mus. Integer vitae ante enim. Fusce sed elit est. Suspendisse sit amet mauris in quam pretium faucibus et aliquam odio. </p>\r\n                                            ', '10.jpg', '2019-03-10 04:59:52', 'Marwa El-Manawy', 'There are many variations of passages of Lorem Ipsum available, but the majority .', 33, 3, 'tutorial,fashion,cms,script,product,fashion,template,blog,posts', '1', NULL);
INSERT INTO `blog` VALUES (11, 'Recent trends in story', '<p>Nam nisl lacus, dignissim ac tristique ut, scelerisque eu massa. Vestibulum ligula nunc, rutrum in malesuada vitae, tempus sed augue. Curabitur quis lectus quis augue dapibus facilisis. Vivamus tincidunt orci est, in vehicula nisi eleifend ut. Vestibulum sagittis varius orci vitae.</p>\r\n                                            <div class=\"post-quote\">\r\n                                                <span class=\"icon\"></span>\r\n                                                <blockquote>\r\n                                                    Mauris aliquet ultricies ante, non faucibus ante gravida sed. Sed ultrices pellentesque purus, vulputate volutpat ipsum hendrerit sed neque sed sapien rutrum.\r\n                                                </blockquote>\r\n                                            </div>\r\n                                            <p>In ut odio libero, at vulputate urna. Nulla tristique mi a massa convallis cursus. Nulla eu mi magna. Etiam suscipit commodo gravida. Cras suscipit, quam vitae adipiscing faucibus, risus nibh laoreet odio, a porttitor metus eros ut enim. Morbi augue velit, tempus mattis dignissim nec, porta sed risus. Donec eget magna eu lorem tristique pellentesque eget eu dui. Fusce lacinia tempor malesuada. Ut lacus sapien, placerat a ornare nec, elementum sit amet felis. Maecenas pretium lorem hendrerit eros sagittis fermentum.</p>\r\n                                            <p>Phasellus enim magna, varius et commodo ut, ultricies vitae velit. Ut nulla tellus, eleifend euismod pellentesque vel, sagittis vel justo. In libero urna, venenatis sit amet ornare non, suscipit nec risus. Sed consequat justo non mauris pretium at tempor justo sodales. Quisque tincidunt laoreet malesuada. Cum sociis natoque penatibus et magnis dis parturient montes, nascetur ridiculus mus. Integer vitae ante enim. Fusce sed elit est. Suspendisse sit amet mauris in quam pretium faucibus et aliquam odio. </p>\r\n                                            ', '11.jpg', '2019-03-10 04:59:52', 'Marwa El-Manawy', 'There are many variations of passages of Lorem Ipsum available, but the majority .', 31, 3, 'tutorial,fashion,cms,script,product,fashion,template,blog,posts', '1', NULL);
INSERT INTO `blog` VALUES (12, 'Transitions In Design', '<p>Nam nisl lacus, dignissim ac tristique ut, scelerisque eu massa. Vestibulum ligula nunc, rutrum in malesuada vitae, tempus sed augue. Curabitur quis lectus quis augue dapibus facilisis. Vivamus tincidunt orci est, in vehicula nisi eleifend ut. Vestibulum sagittis varius orci vitae.</p>\r\n                                            <div class=\"post-quote\">\r\n                                                <span class=\"icon\"></span>\r\n                                                <blockquote>\r\n                                                    Mauris aliquet ultricies ante, non faucibus ante gravida sed. Sed ultrices pellentesque purus, vulputate volutpat ipsum hendrerit sed neque sed sapien rutrum.\r\n                                                </blockquote>\r\n                                            </div>\r\n                                            <p>In ut odio libero, at vulputate urna. Nulla tristique mi a massa convallis cursus. Nulla eu mi magna. Etiam suscipit commodo gravida. Cras suscipit, quam vitae adipiscing faucibus, risus nibh laoreet odio, a porttitor metus eros ut enim. Morbi augue velit, tempus mattis dignissim nec, porta sed risus. Donec eget magna eu lorem tristique pellentesque eget eu dui. Fusce lacinia tempor malesuada. Ut lacus sapien, placerat a ornare nec, elementum sit amet felis. Maecenas pretium lorem hendrerit eros sagittis fermentum.</p>\r\n                                            <p>Phasellus enim magna, varius et commodo ut, ultricies vitae velit. Ut nulla tellus, eleifend euismod pellentesque vel, sagittis vel justo. In libero urna, venenatis sit amet ornare non, suscipit nec risus. Sed consequat justo non mauris pretium at tempor justo sodales. Quisque tincidunt laoreet malesuada. Cum sociis natoque penatibus et magnis dis parturient montes, nascetur ridiculus mus. Integer vitae ante enim. Fusce sed elit est. Suspendisse sit amet mauris in quam pretium faucibus et aliquam odio. </p>\r\n                                            ', '3.jpg', '2019-03-10 04:59:52', 'Marwa El-Manawy', 'There are many variations of passages of Lorem Ipsum available, but the majority .', 73, 1, 'tutorial,fashion,cms,script,product,fashion,template,blog,posts', '1', NULL);
INSERT INTO `blog` VALUES (13, 'Recent trends in story', '<p>Nam nisl lacus, dignissim ac tristique ut, scelerisque eu massa. Vestibulum ligula nunc, rutrum in malesuada vitae, tempus sed augue. Curabitur quis lectus quis augue dapibus facilisis. Vivamus tincidunt orci est, in vehicula nisi eleifend ut. Vestibulum sagittis varius orci vitae.</p>\r\n                                            <div class=\"post-quote\">\r\n                                                <span class=\"icon\"></span>\r\n                                                <blockquote>\r\n                                                    Mauris aliquet ultricies ante, non faucibus ante gravida sed. Sed ultrices pellentesque purus, vulputate volutpat ipsum hendrerit sed neque sed sapien rutrum.\r\n                                                </blockquote>\r\n                                            </div>\r\n                                            <p>In ut odio libero, at vulputate urna. Nulla tristique mi a massa convallis cursus. Nulla eu mi magna. Etiam suscipit commodo gravida. Cras suscipit, quam vitae adipiscing faucibus, risus nibh laoreet odio, a porttitor metus eros ut enim. Morbi augue velit, tempus mattis dignissim nec, porta sed risus. Donec eget magna eu lorem tristique pellentesque eget eu dui. Fusce lacinia tempor malesuada. Ut lacus sapien, placerat a ornare nec, elementum sit amet felis. Maecenas pretium lorem hendrerit eros sagittis fermentum.</p>\r\n                                            <p>Phasellus enim magna, varius et commodo ut, ultricies vitae velit. Ut nulla tellus, eleifend euismod pellentesque vel, sagittis vel justo. In libero urna, venenatis sit amet ornare non, suscipit nec risus. Sed consequat justo non mauris pretium at tempor justo sodales. Quisque tincidunt laoreet malesuada. Cum sociis natoque penatibus et magnis dis parturient montes, nascetur ridiculus mus. Integer vitae ante enim. Fusce sed elit est. Suspendisse sit amet mauris in quam pretium faucibus et aliquam odio. </p>\r\n                                            ', '4.jpg', '2019-03-10 04:59:52', 'Marwa El-Manawy', 'There are many variations of passages of Lorem Ipsum available, but the majority .', 30, 3, 'tutorial,fashion,cms,script,product,fashion,template,blog,posts', '1', NULL);
INSERT INTO `blog` VALUES (14, 'Comfort classy outfits', '<p>Nam nisl lacus, dignissim ac tristique ut, scelerisque eu massa. Vestibulum ligula nunc, rutrum in malesuada vitae, tempus sed augue. Curabitur quis lectus quis augue dapibus facilisis. Vivamus tincidunt orci est, in vehicula nisi eleifend ut. Vestibulum sagittis varius orci vitae.</p>\r\n                                            <div class=\"post-quote\">\r\n                                                <span class=\"icon\"></span>\r\n                                                <blockquote>\r\n                                                    Mauris aliquet ultricies ante, non faucibus ante gravida sed. Sed ultrices pellentesque purus, vulputate volutpat ipsum hendrerit sed neque sed sapien rutrum.\r\n                                                </blockquote>\r\n                                            </div>\r\n                                            <p>In ut odio libero, at vulputate urna. Nulla tristique mi a massa convallis cursus. Nulla eu mi magna. Etiam suscipit commodo gravida. Cras suscipit, quam vitae adipiscing faucibus, risus nibh laoreet odio, a porttitor metus eros ut enim. Morbi augue velit, tempus mattis dignissim nec, porta sed risus. Donec eget magna eu lorem tristique pellentesque eget eu dui. Fusce lacinia tempor malesuada. Ut lacus sapien, placerat a ornare nec, elementum sit amet felis. Maecenas pretium lorem hendrerit eros sagittis fermentum.</p>\r\n                                            <p>Phasellus enim magna, varius et commodo ut, ultricies vitae velit. Ut nulla tellus, eleifend euismod pellentesque vel, sagittis vel justo. In libero urna, venenatis sit amet ornare non, suscipit nec risus. Sed consequat justo non mauris pretium at tempor justo sodales. Quisque tincidunt laoreet malesuada. Cum sociis natoque penatibus et magnis dis parturient montes, nascetur ridiculus mus. Integer vitae ante enim. Fusce sed elit est. Suspendisse sit amet mauris in quam pretium faucibus et aliquam odio. </p>\r\n                                            ', '5.jpg', '2019-03-10 04:59:52', 'Marwa El-Manawy', 'There are many variations of passages of Lorem Ipsum available, but the majority .', 40, 2, 'tutorial,fashion,cms,script,product,fashion,template,blog,posts', '1', NULL);
INSERT INTO `blog` VALUES (15, 'Transitions In Design', '<p>Nam nisl lacus, dignissim ac tristique ut, scelerisque eu massa. Vestibulum ligula nunc, rutrum in malesuada vitae, tempus sed augue. Curabitur quis lectus quis augue dapibus facilisis. Vivamus tincidunt orci est, in vehicula nisi eleifend ut. Vestibulum sagittis varius orci vitae.</p>\r\n                                            <div class=\"post-quote\">\r\n                                                <span class=\"icon\"></span>\r\n                                                <blockquote>\r\n                                                    Mauris aliquet ultricies ante, non faucibus ante gravida sed. Sed ultrices pellentesque purus, vulputate volutpat ipsum hendrerit sed neque sed sapien rutrum.\r\n                                                </blockquote>\r\n                                            </div>\r\n                                            <p>In ut odio libero, at vulputate urna. Nulla tristique mi a massa convallis cursus. Nulla eu mi magna. Etiam suscipit commodo gravida. Cras suscipit, quam vitae adipiscing faucibus, risus nibh laoreet odio, a porttitor metus eros ut enim. Morbi augue velit, tempus mattis dignissim nec, porta sed risus. Donec eget magna eu lorem tristique pellentesque eget eu dui. Fusce lacinia tempor malesuada. Ut lacus sapien, placerat a ornare nec, elementum sit amet felis. Maecenas pretium lorem hendrerit eros sagittis fermentum.</p>\r\n                                            <p>Phasellus enim magna, varius et commodo ut, ultricies vitae velit. Ut nulla tellus, eleifend euismod pellentesque vel, sagittis vel justo. In libero urna, venenatis sit amet ornare non, suscipit nec risus. Sed consequat justo non mauris pretium at tempor justo sodales. Quisque tincidunt laoreet malesuada. Cum sociis natoque penatibus et magnis dis parturient montes, nascetur ridiculus mus. Integer vitae ante enim. Fusce sed elit est. Suspendisse sit amet mauris in quam pretium faucibus et aliquam odio. </p>\r\n                                            ', '6.jpg', '2019-03-10 04:59:52', 'Marwa El-Manawy', 'There are many variations of passages of Lorem Ipsum available, but the majority .', 71, 1, 'tutorial,fashion,cms,script,product,fashion,template,blog,posts', '1', NULL);
INSERT INTO `blog` VALUES (16, 'Social media websites', '<p>Nam nisl lacus, dignissim ac tristique ut, scelerisque eu massa. Vestibulum ligula nunc, rutrum in malesuada vitae, tempus sed augue. Curabitur quis lectus quis augue dapibus facilisis. Vivamus tincidunt orci est, in vehicula nisi eleifend ut. Vestibulum sagittis varius orci vitae.</p>\r\n                                            <div class=\"post-quote\">\r\n                                                <span class=\"icon\"></span>\r\n                                                <blockquote>\r\n                                                    Mauris aliquet ultricies ante, non faucibus ante gravida sed. Sed ultrices pellentesque purus, vulputate volutpat ipsum hendrerit sed neque sed sapien rutrum.\r\n                                                </blockquote>\r\n                                            </div>\r\n                                            <p>In ut odio libero, at vulputate urna. Nulla tristique mi a massa convallis cursus. Nulla eu mi magna. Etiam suscipit commodo gravida. Cras suscipit, quam vitae adipiscing faucibus, risus nibh laoreet odio, a porttitor metus eros ut enim. Morbi augue velit, tempus mattis dignissim nec, porta sed risus. Donec eget magna eu lorem tristique pellentesque eget eu dui. Fusce lacinia tempor malesuada. Ut lacus sapien, placerat a ornare nec, elementum sit amet felis. Maecenas pretium lorem hendrerit eros sagittis fermentum.</p>\r\n                                            <p>Phasellus enim magna, varius et commodo ut, ultricies vitae velit. Ut nulla tellus, eleifend euismod pellentesque vel, sagittis vel justo. In libero urna, venenatis sit amet ornare non, suscipit nec risus. Sed consequat justo non mauris pretium at tempor justo sodales. Quisque tincidunt laoreet malesuada. Cum sociis natoque penatibus et magnis dis parturient montes, nascetur ridiculus mus. Integer vitae ante enim. Fusce sed elit est. Suspendisse sit amet mauris in quam pretium faucibus et aliquam odio. </p>\r\n                                            ', '7.jpg', '2019-03-10 04:59:52', 'Marwa El-Manawy', 'There are many variations of passages of Lorem Ipsum available, but the majority .', 49, 4, 'tutorial,fashion,cms,script,product,fashion,template,blog,posts', '1', NULL);
INSERT INTO `blog` VALUES (17, 'Transitions In Design', '<p>Nam nisl lacus, dignissim ac tristique ut, scelerisque eu massa. Vestibulum ligula nunc, rutrum in malesuada vitae, tempus sed augue. Curabitur quis lectus quis augue dapibus facilisis. Vivamus tincidunt orci est, in vehicula nisi eleifend ut. Vestibulum sagittis varius orci vitae.</p>\r\n                                            <div class=\"post-quote\">\r\n                                                <span class=\"icon\"></span>\r\n                                                <blockquote>\r\n                                                    Mauris aliquet ultricies ante, non faucibus ante gravida sed. Sed ultrices pellentesque purus, vulputate volutpat ipsum hendrerit sed neque sed sapien rutrum.\r\n                                                </blockquote>\r\n                                            </div>\r\n                                            <p>In ut odio libero, at vulputate urna. Nulla tristique mi a massa convallis cursus. Nulla eu mi magna. Etiam suscipit commodo gravida. Cras suscipit, quam vitae adipiscing faucibus, risus nibh laoreet odio, a porttitor metus eros ut enim. Morbi augue velit, tempus mattis dignissim nec, porta sed risus. Donec eget magna eu lorem tristique pellentesque eget eu dui. Fusce lacinia tempor malesuada. Ut lacus sapien, placerat a ornare nec, elementum sit amet felis. Maecenas pretium lorem hendrerit eros sagittis fermentum.</p>\r\n                                            <p>Phasellus enim magna, varius et commodo ut, ultricies vitae velit. Ut nulla tellus, eleifend euismod pellentesque vel, sagittis vel justo. In libero urna, venenatis sit amet ornare non, suscipit nec risus. Sed consequat justo non mauris pretium at tempor justo sodales. Quisque tincidunt laoreet malesuada. Cum sociis natoque penatibus et magnis dis parturient montes, nascetur ridiculus mus. Integer vitae ante enim. Fusce sed elit est. Suspendisse sit amet mauris in quam pretium faucibus et aliquam odio. </p>\r\n                                            ', '6.jpg', '2019-03-10 04:59:52', 'Marwa El-Manawy', 'There are many variations of passages of Lorem Ipsum available, but the majority .', 58, 1, 'tutorial,fashion,cms,script,product,fashion,template,blog,posts', '1', NULL);
INSERT INTO `blog` VALUES (18, 'Recent trends in story', '<p>Nam nisl lacus, dignissim ac tristique ut, scelerisque eu massa. Vestibulum ligula nunc, rutrum in malesuada vitae, tempus sed augue. Curabitur quis lectus quis augue dapibus facilisis. Vivamus tincidunt orci est, in vehicula nisi eleifend ut. Vestibulum sagittis varius orci vitae.</p>\r\n                                            <div class=\"post-quote\">\r\n                                                <span class=\"icon\"></span>\r\n                                                <blockquote>\r\n                                                    Mauris aliquet ultricies ante, non faucibus ante gravida sed. Sed ultrices pellentesque purus, vulputate volutpat ipsum hendrerit sed neque sed sapien rutrum.\r\n                                                </blockquote>\r\n                                            </div>\r\n                                            <p>In ut odio libero, at vulputate urna. Nulla tristique mi a massa convallis cursus. Nulla eu mi magna. Etiam suscipit commodo gravida. Cras suscipit, quam vitae adipiscing faucibus, risus nibh laoreet odio, a porttitor metus eros ut enim. Morbi augue velit, tempus mattis dignissim nec, porta sed risus. Donec eget magna eu lorem tristique pellentesque eget eu dui. Fusce lacinia tempor malesuada. Ut lacus sapien, placerat a ornare nec, elementum sit amet felis. Maecenas pretium lorem hendrerit eros sagittis fermentum.</p>\r\n                                            <p>Phasellus enim magna, varius et commodo ut, ultricies vitae velit. Ut nulla tellus, eleifend euismod pellentesque vel, sagittis vel justo. In libero urna, venenatis sit amet ornare non, suscipit nec risus. Sed consequat justo non mauris pretium at tempor justo sodales. Quisque tincidunt laoreet malesuada. Cum sociis natoque penatibus et magnis dis parturient montes, nascetur ridiculus mus. Integer vitae ante enim. Fusce sed elit est. Suspendisse sit amet mauris in quam pretium faucibus et aliquam odio. </p>\r\n                                            ', '3.jpg', '2019-03-10 04:59:52', 'Marwa El-Manawy', 'There are many variations of passages of Lorem Ipsum available, but the majority .', 40, 3, 'tutorial,fashion,cms,script,product,fashion,template,blog,posts', '1', NULL);

-- ----------------------------
-- Table structure for blog_categories
-- ----------------------------
DROP TABLE IF EXISTS `blog_categories`;
CREATE TABLE `blog_categories`  (
  `blog_category_id` int NOT NULL AUTO_INCREMENT,
  `title` varchar(300) CHARACTER SET utf8mb3 COLLATE utf8mb3_general_ci NOT NULL,
  PRIMARY KEY (`blog_category_id`) USING BTREE
) ENGINE = InnoDB AUTO_INCREMENT = 5 CHARACTER SET = utf8mb3 COLLATE = utf8mb3_general_ci ROW_FORMAT = Dynamic;

-- ----------------------------
-- Records of blog_categories
-- ----------------------------
INSERT INTO `blog_categories` VALUES (1, 'Tutorial');
INSERT INTO `blog_categories` VALUES (2, 'learning');
INSERT INTO `blog_categories` VALUES (3, 'Trciks');
INSERT INTO `blog_categories` VALUES (4, 'Web Applications');

-- ----------------------------
-- Table structure for clients
-- ----------------------------
DROP TABLE IF EXISTS `clients`;
CREATE TABLE `clients`  (
  `client_id` int NOT NULL AUTO_INCREMENT,
  `title` varchar(200) CHARACTER SET utf8mb3 COLLATE utf8mb3_general_ci NULL DEFAULT NULL,
  `image` varchar(200) CHARACTER SET utf8mb3 COLLATE utf8mb3_general_ci NULL DEFAULT NULL,
  PRIMARY KEY (`client_id`) USING BTREE
) ENGINE = MyISAM AUTO_INCREMENT = 10 CHARACTER SET = utf8mb3 COLLATE = utf8mb3_general_ci ROW_FORMAT = Dynamic;

-- ----------------------------
-- Records of clients
-- ----------------------------
INSERT INTO `clients` VALUES (1, 'client1', '1.png');
INSERT INTO `clients` VALUES (2, 'client 2', '2.png');
INSERT INTO `clients` VALUES (3, 'client 3', '3.png');
INSERT INTO `clients` VALUES (4, 'client 4', '4.png');
INSERT INTO `clients` VALUES (5, 'client 5', '5.png');
INSERT INTO `clients` VALUES (6, 'client 6', '6.png');
INSERT INTO `clients` VALUES (7, 'client 7', '7.png');
INSERT INTO `clients` VALUES (8, 'client 8', '8.png');
INSERT INTO `clients` VALUES (9, 'client 9', '9.png');

-- ----------------------------
-- Table structure for education
-- ----------------------------
DROP TABLE IF EXISTS `education`;
CREATE TABLE `education`  (
  `education_id` int NOT NULL AUTO_INCREMENT,
  `school` varchar(300) CHARACTER SET utf8mb3 COLLATE utf8mb3_general_ci NULL DEFAULT NULL,
  `image` varchar(100) CHARACTER SET utf8mb3 COLLATE utf8mb3_general_ci NULL DEFAULT NULL,
  `field` varchar(250) CHARACTER SET utf8mb3 COLLATE utf8mb3_general_ci NULL DEFAULT NULL,
  `description` text CHARACTER SET utf8mb3 COLLATE utf8mb3_general_ci NULL,
  `from_date` varchar(80) CHARACTER SET utf8mb3 COLLATE utf8mb3_general_ci NULL DEFAULT NULL,
  `to_date` varchar(80) CHARACTER SET utf8mb3 COLLATE utf8mb3_general_ci NULL DEFAULT NULL,
  `current` tinyint(1) NULL DEFAULT NULL,
  PRIMARY KEY (`education_id`) USING BTREE
) ENGINE = InnoDB AUTO_INCREMENT = 4 CHARACTER SET = utf8mb3 COLLATE = utf8mb3_general_ci ROW_FORMAT = Dynamic;

-- ----------------------------
-- Records of education
-- ----------------------------
INSERT INTO `education` VALUES (1, 'School Name', '1.png', 'Software Engineer', 'Lorem ipsum dolor sit amet, consectetur adipiscing elit. Vestibulum mattis felis vitae risus pulvinar tincidunt. Nam ac venenatis enim. Aenean hendrerit justo sed.', '2012-03-08', '2013-07-25', NULL);
INSERT INTO `education` VALUES (2, 'School Name', '1.png', 'Web Development', 'Lorem ipsum dolor sit amet, consectetur adipiscing elit. Vestibulum mattis felis vitae risus pulvinar tincidunt. Nam ac venenatis enim. Aenean hendrerit justo sed.', '2014-10-29', '2015-11-26', NULL);
INSERT INTO `education` VALUES (3, 'School Name', '1.png', 'IT Sloutions', 'Lorem ipsum dolor sit amet, consectetur adipiscing elit. Vestibulum mattis felis vitae risus pulvinar tincidunt. Nam ac venenatis enim. Aenean hendrerit justo sed.', '2016-10-19', '2019-03-19', NULL);

-- ----------------------------
-- Table structure for experiences
-- ----------------------------
DROP TABLE IF EXISTS `experiences`;
CREATE TABLE `experiences`  (
  `experience_id` int NOT NULL AUTO_INCREMENT,
  `position` varchar(200) CHARACTER SET utf8mb3 COLLATE utf8mb3_general_ci NULL DEFAULT NULL,
  `company` varchar(250) CHARACTER SET utf8mb3 COLLATE utf8mb3_general_ci NULL DEFAULT NULL,
  `image` varchar(100) CHARACTER SET utf8mb3 COLLATE utf8mb3_general_ci NULL DEFAULT NULL,
  `description` text CHARACTER SET utf8mb3 COLLATE utf8mb3_general_ci NULL,
  `from_date` varchar(80) CHARACTER SET utf8mb3 COLLATE utf8mb3_general_ci NULL DEFAULT NULL,
  `to_date` varchar(80) CHARACTER SET utf8mb3 COLLATE utf8mb3_general_ci NULL DEFAULT NULL,
  `current` tinyint(1) NULL DEFAULT NULL,
  PRIMARY KEY (`experience_id`) USING BTREE
) ENGINE = InnoDB AUTO_INCREMENT = 4 CHARACTER SET = utf8mb3 COLLATE = utf8mb3_general_ci ROW_FORMAT = Dynamic;

-- ----------------------------
-- Records of experiences
-- ----------------------------
INSERT INTO `experiences` VALUES (1, 'Frontend Developer', 'Google', '2.png', 'Lorem ipsum dolor sit amet, consectetur adipiscing elit. Vestibulum mattis felis vitae risus pulvinar tincidunt. Nam ac venenatis enim. Aenean hendrerit justo sed.', '2015-07-16', '2016-11-24', NULL);
INSERT INTO `experiences` VALUES (2, 'Web Designer', 'Apple', '3.png', 'Lorem ipsum dolor sit amet, consectetur adipiscing elit. Vestibulum mattis felis vitae risus pulvinar tincidunt. Nam ac venenatis enim. Aenean hendrerit justo sed.', '2016-12-30', '2017-01-05', NULL);
INSERT INTO `experiences` VALUES (3, 'Software Engineer', 'Microsoft', '4.png', 'Lorem ipsum dolor sit amet, consectetur adipiscing elit. Vestibulum mattis felis vitae risus pulvinar tincidunt. Nam ac venenatis enim. Aenean hendrerit justo sed.', '2017-02-22', '2019-03-15', 1);

-- ----------------------------
-- Table structure for messages
-- ----------------------------
DROP TABLE IF EXISTS `messages`;
CREATE TABLE `messages`  (
  `message_id` int NOT NULL AUTO_INCREMENT,
  `name` varchar(250) CHARACTER SET utf8mb3 COLLATE utf8mb3_general_ci NULL DEFAULT NULL,
  `email` varchar(250) CHARACTER SET utf8mb3 COLLATE utf8mb3_general_ci NULL DEFAULT NULL,
  `message` text CHARACTER SET utf8mb3 COLLATE utf8mb3_general_ci NULL,
  `created` datetime NULL DEFAULT NULL,
  PRIMARY KEY (`message_id`) USING BTREE
) ENGINE = MyISAM AUTO_INCREMENT = 12 CHARACTER SET = utf8mb3 COLLATE = utf8mb3_general_ci ROW_FORMAT = Dynamic;

-- ----------------------------
-- Records of messages
-- ----------------------------
INSERT INTO `messages` VALUES (1, 'Luis Amur', 'luisamur@gmail.com', 'Lose away off why half led have near bed. At engage simple father of period others except. My giving do summer of though narrow marked at. Spring formal no county ye waited. My whether cheered at regular it of promise blushes perhaps. Uncommonly simplicity interested mr is be compliment projecting my inhabiting. Gentleman he september in oh excellent.\r\n\r\nNew the her nor case that lady paid read. Invitation friendship travelling eat everything the out two. Shy you who scarcely expenses debating hastened resolved. Always polite moment on is warmth spirit it to hearts. Downs those still witty an balls so chief so. Moment an little remain no up lively no. Way brought may off our regular country towards adapted cheered.\r\n\r\nUse securing confined his shutters. Delightful as he it acceptance an solicitude discretion reasonably. Carriage we husbands advanced an perceive greatest. Totally dearest expense on demesne ye he. Curiosity excellent commanded in me. Unpleasing impression themselves to at assistance acceptance my or. On consider laughter civility offended oh.\r\n\r\nOh he decisively impression attachment friendship so if everything. Whose her enjoy chief new young. Felicity if ye required likewise so doubtful. On so attention necessary at by provision otherwise existence direction. Unpleasing up announcing unpleasant themselves oh do on. Way advantage age led listening belonging supposing.\r\n\r\nSo by colonel hearted ferrars. Draw from upon here gone add one. He in sportsman household otherwise it perceived instantly. Is inquiry no he several excited am. Called though excuse length ye needed it he having. Whatever throwing we on resolved entrance together graceful. Mrs assured add private married removed believe did she.', '2018-03-23 21:35:00');

-- ----------------------------
-- Table structure for pricing_plans
-- ----------------------------
DROP TABLE IF EXISTS `pricing_plans`;
CREATE TABLE `pricing_plans`  (
  `plan_id` int NOT NULL AUTO_INCREMENT,
  `plan_name` varchar(200) CHARACTER SET utf8mb3 COLLATE utf8mb3_general_ci NULL DEFAULT NULL,
  `plan_price` decimal(10, 0) NULL DEFAULT NULL,
  `plan_currency` varchar(10) CHARACTER SET utf8mb3 COLLATE utf8mb3_general_ci NULL DEFAULT NULL,
  `price_duration` varchar(100) CHARACTER SET utf8mb3 COLLATE utf8mb3_general_ci NULL DEFAULT NULL,
  `features` text CHARACTER SET utf8mb3 COLLATE utf8mb3_general_ci NULL,
  `is_featured` enum('0','1') CHARACTER SET utf8mb3 COLLATE utf8mb3_general_ci NULL DEFAULT '0',
  `featured_comment` varchar(300) CHARACTER SET utf8mb3 COLLATE utf8mb3_general_ci NULL DEFAULT NULL,
  `icon` varchar(50) CHARACTER SET utf8mb3 COLLATE utf8mb3_general_ci NULL DEFAULT NULL,
  `display_plan` enum('0','1') CHARACTER SET utf8mb3 COLLATE utf8mb3_general_ci NULL DEFAULT '1',
  PRIMARY KEY (`plan_id`) USING BTREE
) ENGINE = MyISAM AUTO_INCREMENT = 4 CHARACTER SET = utf8mb3 COLLATE = utf8mb3_general_ci ROW_FORMAT = Dynamic;

-- ----------------------------
-- Records of pricing_plans
-- ----------------------------
INSERT INTO `pricing_plans` VALUES (1, 'Personal', 20, '$', 'per month', 'One Listing\r\n90 Days Availability\r\nNon-Featured\r\nLimited Support', '0', 'Recommended', '1.png', '1');
INSERT INTO `pricing_plans` VALUES (2, 'Samll Team', 50, '$', 'per month', 'One Listing\r\n90 Days Availability\r\nNon-Featured\r\nLimited Support\r\nFeatured In Search Results', '1', 'Recommended', '2.png', '1');
INSERT INTO `pricing_plans` VALUES (3, 'enterprise', 99, '$', 'per month', 'One Listing\r\n90 Days Availability\r\nNon-Featured\r\nLimited Support', '0', 'Recommended', '3.png', '1');

-- ----------------------------
-- Table structure for projects
-- ----------------------------
DROP TABLE IF EXISTS `projects`;
CREATE TABLE `projects`  (
  `project_id` int NOT NULL AUTO_INCREMENT,
  `project_category_id` int NULL DEFAULT NULL,
  `title` varchar(250) CHARACTER SET utf8mb3 COLLATE utf8mb3_general_ci NULL DEFAULT NULL,
  `image` varchar(150) CHARACTER SET utf8mb3 COLLATE utf8mb3_general_ci NULL DEFAULT NULL,
  `link` varchar(250) CHARACTER SET utf8mb3 COLLATE utf8mb3_general_ci NULL DEFAULT NULL,
  `datetime` date NULL DEFAULT NULL,
  `description` text CHARACTER SET utf8mb3 COLLATE utf8mb3_general_ci NULL,
  `display` enum('0','1') CHARACTER SET utf8mb3 COLLATE utf8mb3_general_ci NULL DEFAULT '1',
  `meta_description` text CHARACTER SET utf8mb3 COLLATE utf8mb3_general_ci NULL,
  PRIMARY KEY (`project_id`) USING BTREE
) ENGINE = InnoDB AUTO_INCREMENT = 9 CHARACTER SET = utf8mb3 COLLATE = utf8mb3_general_ci ROW_FORMAT = Dynamic;

-- ----------------------------
-- Records of projects
-- ----------------------------
INSERT INTO `projects` VALUES (1, 1, 'Company Branding', 'portfolio-img-1.jpeg', 'www.elmanawy.info', '2019-02-28', '  <div class=\"row\">\r\n                                <div class=\"col-sm-6\">\r\n                                    <div class=\"block-centered pt-50\"> \r\n                                        <img src=\"https://elmanawy.info/demo/mulan/ltr/images/portfolio/portfolio-single-img-1.png\" class=\"img-responsive\" alt=\"\"> \r\n                                    </div>\r\n                                </div>\r\n                                <div class=\"col-sm-6\">\r\n                                    <div class=\"text-block pt-50\">\r\n                                        <p>It is a long established fact that a reader will be distracted by the readable content of a page when looking at its layout. The point of using Lorem Ipsum is that it has a more-or-less normal distribution of letters, as opposed to using \'Content here, content here\', making it look like readable English. Many desktop publishing packages and web page editors now use Lorem Ipsum as their default model text, and a search for \'lorem ipsum\' will uncover many web sites still in their infancy. </p>\r\n                                        <p>here are many variations of passages of Lorem Ipsum available, but the majority have suffered alteration in some form, by injected humour, or randomised words which don\'t look even slightly believable. If you are going to use a passage of Lorem Ipsum, you need to be sure there isn\'t anything embarrassing hidden in the middle of text. All the Lorem Ipsum generators on the Internet tend to repeat predefined chunks as necessary </p>\r\n                                    </div>\r\n                                </div>\r\n                            </div>\r\n                            <div class=\"row\">\r\n                                <div class=\"col-sm-6\">\r\n                                    <div class=\"text-block pt-50\">\r\n                                        <p>It is a long established fact that a reader will be distracted by the readable content of a page when looking at its layout. The point of using Lorem Ipsum is that it has a more-or-less normal distribution of letters, as opposed to using \'Content here, content here\', making it look like readable English. Many desktop publishing packages and web page editors now use Lorem Ipsum as their default model text, and a search for \'lorem ipsum\' will uncover many web sites still in their infancy. </p>\r\n                                        <p>here are many variations of passages of Lorem Ipsum available, but the majority have suffered alteration in some form, by injected humour, or randomised words which don\'t look even slightly believable. If you are going to use a passage of Lorem Ipsum, you need to be sure there isn\'t anything embarrassing hidden in the middle of text. All the Lorem Ipsum generators on the Internet tend to repeat predefined chunks as necessary </p>\r\n                                    </div>\r\n                                </div>\r\n                                <div class=\"col-sm-6\">\r\n                                    <div class=\"block-centered pt-50\"> \r\n                                        <img class=\"img-responsive\" src=\"https://elmanawy.info/demo/mulan/ltr/images/portfolio/portfolio-single-img-2.png\" alt=\"\">\r\n                                    </div>\r\n                                </div>\r\n                            </div>', '1', NULL);
INSERT INTO `projects` VALUES (2, 2, 'Home Decoration', 'portfolio-img-2.jpeg', 'www.elmanawy.info', '2019-03-09', '  <div class=\"row\">\r\n                                <div class=\"col-sm-6\">\r\n                                    <div class=\"block-centered pt-50\"> \r\n                                        <img src=\"https://elmanawy.info/demo/mulan/ltr/images/portfolio/portfolio-single-img-1.png\" class=\"img-responsive\" alt=\"\"> \r\n                                    </div>\r\n                                </div>\r\n                                <div class=\"col-sm-6\">\r\n                                    <div class=\"text-block pt-50\">\r\n                                        <p>It is a long established fact that a reader will be distracted by the readable content of a page when looking at its layout. The point of using Lorem Ipsum is that it has a more-or-less normal distribution of letters, as opposed to using \'Content here, content here\', making it look like readable English. Many desktop publishing packages and web page editors now use Lorem Ipsum as their default model text, and a search for \'lorem ipsum\' will uncover many web sites still in their infancy. </p>\r\n                                        <p>here are many variations of passages of Lorem Ipsum available, but the majority have suffered alteration in some form, by injected humour, or randomised words which don\'t look even slightly believable. If you are going to use a passage of Lorem Ipsum, you need to be sure there isn\'t anything embarrassing hidden in the middle of text. All the Lorem Ipsum generators on the Internet tend to repeat predefined chunks as necessary </p>\r\n                                    </div>\r\n                                </div>\r\n                            </div>\r\n                            <div class=\"row\">\r\n                                <div class=\"col-sm-6\">\r\n                                    <div class=\"text-block pt-50\">\r\n                                        <p>It is a long established fact that a reader will be distracted by the readable content of a page when looking at its layout. The point of using Lorem Ipsum is that it has a more-or-less normal distribution of letters, as opposed to using \'Content here, content here\', making it look like readable English. Many desktop publishing packages and web page editors now use Lorem Ipsum as their default model text, and a search for \'lorem ipsum\' will uncover many web sites still in their infancy. </p>\r\n                                        <p>here are many variations of passages of Lorem Ipsum available, but the majority have suffered alteration in some form, by injected humour, or randomised words which don\'t look even slightly believable. If you are going to use a passage of Lorem Ipsum, you need to be sure there isn\'t anything embarrassing hidden in the middle of text. All the Lorem Ipsum generators on the Internet tend to repeat predefined chunks as necessary </p>\r\n                                    </div>\r\n                                </div>\r\n                                <div class=\"col-sm-6\">\r\n                                    <div class=\"block-centered pt-50\"> \r\n                                        <img class=\"img-responsive\" src=\"https://elmanawy.info/demo/mulan/ltr/images/portfolio/portfolio-single-img-2.png\" alt=\"\">\r\n                                    </div>\r\n                                </div>\r\n                            </div>', '1', NULL);
INSERT INTO `projects` VALUES (3, 3, 'Photography', 'portfolio-img-3.jpeg', 'www.elmanawy.info', '2019-02-26', '  <div class=\"row\">\r\n                                <div class=\"col-sm-6\">\r\n                                    <div class=\"block-centered pt-50\"> \r\n                                        <img src=\"https://elmanawy.info/demo/mulan/ltr/images/portfolio/portfolio-single-img-1.png\" class=\"img-responsive\" alt=\"\"> \r\n                                    </div>\r\n                                </div>\r\n                                <div class=\"col-sm-6\">\r\n                                    <div class=\"text-block pt-50\">\r\n                                        <p>It is a long established fact that a reader will be distracted by the readable content of a page when looking at its layout. The point of using Lorem Ipsum is that it has a more-or-less normal distribution of letters, as opposed to using \'Content here, content here\', making it look like readable English. Many desktop publishing packages and web page editors now use Lorem Ipsum as their default model text, and a search for \'lorem ipsum\' will uncover many web sites still in their infancy. </p>\r\n                                        <p>here are many variations of passages of Lorem Ipsum available, but the majority have suffered alteration in some form, by injected humour, or randomised words which don\'t look even slightly believable. If you are going to use a passage of Lorem Ipsum, you need to be sure there isn\'t anything embarrassing hidden in the middle of text. All the Lorem Ipsum generators on the Internet tend to repeat predefined chunks as necessary </p>\r\n                                    </div>\r\n                                </div>\r\n                            </div>\r\n                            <div class=\"row\">\r\n                                <div class=\"col-sm-6\">\r\n                                    <div class=\"text-block pt-50\">\r\n                                        <p>It is a long established fact that a reader will be distracted by the readable content of a page when looking at its layout. The point of using Lorem Ipsum is that it has a more-or-less normal distribution of letters, as opposed to using \'Content here, content here\', making it look like readable English. Many desktop publishing packages and web page editors now use Lorem Ipsum as their default model text, and a search for \'lorem ipsum\' will uncover many web sites still in their infancy. </p>\r\n                                        <p>here are many variations of passages of Lorem Ipsum available, but the majority have suffered alteration in some form, by injected humour, or randomised words which don\'t look even slightly believable. If you are going to use a passage of Lorem Ipsum, you need to be sure there isn\'t anything embarrassing hidden in the middle of text. All the Lorem Ipsum generators on the Internet tend to repeat predefined chunks as necessary </p>\r\n                                    </div>\r\n                                </div>\r\n                                <div class=\"col-sm-6\">\r\n                                    <div class=\"block-centered pt-50\"> \r\n                                        <img class=\"img-responsive\" src=\"https://elmanawy.info/demo/mulan/ltr/images/portfolio/portfolio-single-img-2.png\" alt=\"\">\r\n                                    </div>\r\n                                </div>\r\n                            </div>', '1', NULL);
INSERT INTO `projects` VALUES (4, 1, 'Furniture Hone', 'portfolio-img-4.jpeg', 'www.elmanawy.info', '2019-01-27', '  <div class=\"row\">\r\n                                <div class=\"col-sm-6\">\r\n                                    <div class=\"block-centered pt-50\"> \r\n                                        <img src=\"https://elmanawy.info/demo/mulan/ltr/images/portfolio/portfolio-single-img-1.png\" class=\"img-responsive\" alt=\"\"> \r\n                                    </div>\r\n                                </div>\r\n                                <div class=\"col-sm-6\">\r\n                                    <div class=\"text-block pt-50\">\r\n                                        <p>It is a long established fact that a reader will be distracted by the readable content of a page when looking at its layout. The point of using Lorem Ipsum is that it has a more-or-less normal distribution of letters, as opposed to using \'Content here, content here\', making it look like readable English. Many desktop publishing packages and web page editors now use Lorem Ipsum as their default model text, and a search for \'lorem ipsum\' will uncover many web sites still in their infancy. </p>\r\n                                        <p>here are many variations of passages of Lorem Ipsum available, but the majority have suffered alteration in some form, by injected humour, or randomised words which don\'t look even slightly believable. If you are going to use a passage of Lorem Ipsum, you need to be sure there isn\'t anything embarrassing hidden in the middle of text. All the Lorem Ipsum generators on the Internet tend to repeat predefined chunks as necessary </p>\r\n                                    </div>\r\n                                </div>\r\n                            </div>\r\n                            <div class=\"row\">\r\n                                <div class=\"col-sm-6\">\r\n                                    <div class=\"text-block pt-50\">\r\n                                        <p>It is a long established fact that a reader will be distracted by the readable content of a page when looking at its layout. The point of using Lorem Ipsum is that it has a more-or-less normal distribution of letters, as opposed to using \'Content here, content here\', making it look like readable English. Many desktop publishing packages and web page editors now use Lorem Ipsum as their default model text, and a search for \'lorem ipsum\' will uncover many web sites still in their infancy. </p>\r\n                                        <p>here are many variations of passages of Lorem Ipsum available, but the majority have suffered alteration in some form, by injected humour, or randomised words which don\'t look even slightly believable. If you are going to use a passage of Lorem Ipsum, you need to be sure there isn\'t anything embarrassing hidden in the middle of text. All the Lorem Ipsum generators on the Internet tend to repeat predefined chunks as necessary </p>\r\n                                    </div>\r\n                                </div>\r\n                                <div class=\"col-sm-6\">\r\n                                    <div class=\"block-centered pt-50\"> \r\n                                        <img class=\"img-responsive\" src=\"https://elmanawy.info/demo/mulan/ltr/images/portfolio/portfolio-single-img-2.png\" alt=\"\">\r\n                                    </div>\r\n                                </div>\r\n                            </div>', '1', NULL);
INSERT INTO `projects` VALUES (5, 2, 'Flower Power', 'portfolio-img-5.jpeg', 'www.elmanawy.info', '2019-02-25', '  <div class=\"row\">\r\n                                <div class=\"col-sm-6\">\r\n                                    <div class=\"block-centered pt-50\"> \r\n                                        <img src=\"https://elmanawy.info/demo/mulan/ltr/images/portfolio/portfolio-single-img-1.png\" class=\"img-responsive\" alt=\"\"> \r\n                                    </div>\r\n                                </div>\r\n                                <div class=\"col-sm-6\">\r\n                                    <div class=\"text-block pt-50\">\r\n                                        <p>It is a long established fact that a reader will be distracted by the readable content of a page when looking at its layout. The point of using Lorem Ipsum is that it has a more-or-less normal distribution of letters, as opposed to using \'Content here, content here\', making it look like readable English. Many desktop publishing packages and web page editors now use Lorem Ipsum as their default model text, and a search for \'lorem ipsum\' will uncover many web sites still in their infancy. </p>\r\n                                        <p>here are many variations of passages of Lorem Ipsum available, but the majority have suffered alteration in some form, by injected humour, or randomised words which don\'t look even slightly believable. If you are going to use a passage of Lorem Ipsum, you need to be sure there isn\'t anything embarrassing hidden in the middle of text. All the Lorem Ipsum generators on the Internet tend to repeat predefined chunks as necessary </p>\r\n                                    </div>\r\n                                </div>\r\n                            </div>\r\n                            <div class=\"row\">\r\n                                <div class=\"col-sm-6\">\r\n                                    <div class=\"text-block pt-50\">\r\n                                        <p>It is a long established fact that a reader will be distracted by the readable content of a page when looking at its layout. The point of using Lorem Ipsum is that it has a more-or-less normal distribution of letters, as opposed to using \'Content here, content here\', making it look like readable English. Many desktop publishing packages and web page editors now use Lorem Ipsum as their default model text, and a search for \'lorem ipsum\' will uncover many web sites still in their infancy. </p>\r\n                                        <p>here are many variations of passages of Lorem Ipsum available, but the majority have suffered alteration in some form, by injected humour, or randomised words which don\'t look even slightly believable. If you are going to use a passage of Lorem Ipsum, you need to be sure there isn\'t anything embarrassing hidden in the middle of text. All the Lorem Ipsum generators on the Internet tend to repeat predefined chunks as necessary </p>\r\n                                    </div>\r\n                                </div>\r\n                                <div class=\"col-sm-6\">\r\n                                    <div class=\"block-centered pt-50\"> \r\n                                        <img class=\"img-responsive\" src=\"https://elmanawy.info/demo/mulan/ltr/images/portfolio/portfolio-single-img-2.png\" alt=\"\">\r\n                                    </div>\r\n                                </div>\r\n                            </div>', '1', NULL);
INSERT INTO `projects` VALUES (6, 3, 'Home Side', 'portfolio-img-6.jpeg', 'www.elmanawy.info', '2019-03-12', '  <div class=\"row\">\r\n                                <div class=\"col-sm-6\">\r\n                                    <div class=\"block-centered pt-50\"> \r\n                                        <img src=\"https://elmanawy.info/demo/mulan/ltr/images/portfolio/portfolio-single-img-1.png\" class=\"img-responsive\" alt=\"\"> \r\n                                    </div>\r\n                                </div>\r\n                                <div class=\"col-sm-6\">\r\n                                    <div class=\"text-block pt-50\">\r\n                                        <p>It is a long established fact that a reader will be distracted by the readable content of a page when looking at its layout. The point of using Lorem Ipsum is that it has a more-or-less normal distribution of letters, as opposed to using \'Content here, content here\', making it look like readable English. Many desktop publishing packages and web page editors now use Lorem Ipsum as their default model text, and a search for \'lorem ipsum\' will uncover many web sites still in their infancy. </p>\r\n                                        <p>here are many variations of passages of Lorem Ipsum available, but the majority have suffered alteration in some form, by injected humour, or randomised words which don\'t look even slightly believable. If you are going to use a passage of Lorem Ipsum, you need to be sure there isn\'t anything embarrassing hidden in the middle of text. All the Lorem Ipsum generators on the Internet tend to repeat predefined chunks as necessary </p>\r\n                                    </div>\r\n                                </div>\r\n                            </div>\r\n                            <div class=\"row\">\r\n                                <div class=\"col-sm-6\">\r\n                                    <div class=\"text-block pt-50\">\r\n                                        <p>It is a long established fact that a reader will be distracted by the readable content of a page when looking at its layout. The point of using Lorem Ipsum is that it has a more-or-less normal distribution of letters, as opposed to using \'Content here, content here\', making it look like readable English. Many desktop publishing packages and web page editors now use Lorem Ipsum as their default model text, and a search for \'lorem ipsum\' will uncover many web sites still in their infancy. </p>\r\n                                        <p>here are many variations of passages of Lorem Ipsum available, but the majority have suffered alteration in some form, by injected humour, or randomised words which don\'t look even slightly believable. If you are going to use a passage of Lorem Ipsum, you need to be sure there isn\'t anything embarrassing hidden in the middle of text. All the Lorem Ipsum generators on the Internet tend to repeat predefined chunks as necessary </p>\r\n                                    </div>\r\n                                </div>\r\n                                <div class=\"col-sm-6\">\r\n                                    <div class=\"block-centered pt-50\"> \r\n                                        <img class=\"img-responsive\" src=\"https://elmanawy.info/demo/mulan/ltr/images/portfolio/portfolio-single-img-2.png\" alt=\"\">\r\n                                    </div>\r\n                                </div>\r\n                            </div>', '1', NULL);
INSERT INTO `projects` VALUES (7, 1, 'Branding Logo', 'portfolio-img-7.jpeg', 'www.elmanawy.info', '2019-03-01', '  <div class=\"row\">\r\n                                <div class=\"col-sm-6\">\r\n                                    <div class=\"block-centered pt-50\"> \r\n                                        <img src=\"https://elmanawy.info/demo/mulan/ltr/images/portfolio/portfolio-single-img-1.png\" class=\"img-responsive\" alt=\"\"> \r\n                                    </div>\r\n                                </div>\r\n                                <div class=\"col-sm-6\">\r\n                                    <div class=\"text-block pt-50\">\r\n                                        <p>It is a long established fact that a reader will be distracted by the readable content of a page when looking at its layout. The point of using Lorem Ipsum is that it has a more-or-less normal distribution of letters, as opposed to using \'Content here, content here\', making it look like readable English. Many desktop publishing packages and web page editors now use Lorem Ipsum as their default model text, and a search for \'lorem ipsum\' will uncover many web sites still in their infancy. </p>\r\n                                        <p>here are many variations of passages of Lorem Ipsum available, but the majority have suffered alteration in some form, by injected humour, or randomised words which don\'t look even slightly believable. If you are going to use a passage of Lorem Ipsum, you need to be sure there isn\'t anything embarrassing hidden in the middle of text. All the Lorem Ipsum generators on the Internet tend to repeat predefined chunks as necessary </p>\r\n                                    </div>\r\n                                </div>\r\n                            </div>\r\n                            <div class=\"row\">\r\n                                <div class=\"col-sm-6\">\r\n                                    <div class=\"text-block pt-50\">\r\n                                        <p>It is a long established fact that a reader will be distracted by the readable content of a page when looking at its layout. The point of using Lorem Ipsum is that it has a more-or-less normal distribution of letters, as opposed to using \'Content here, content here\', making it look like readable English. Many desktop publishing packages and web page editors now use Lorem Ipsum as their default model text, and a search for \'lorem ipsum\' will uncover many web sites still in their infancy. </p>\r\n                                        <p>here are many variations of passages of Lorem Ipsum available, but the majority have suffered alteration in some form, by injected humour, or randomised words which don\'t look even slightly believable. If you are going to use a passage of Lorem Ipsum, you need to be sure there isn\'t anything embarrassing hidden in the middle of text. All the Lorem Ipsum generators on the Internet tend to repeat predefined chunks as necessary </p>\r\n                                    </div>\r\n                                </div>\r\n                                <div class=\"col-sm-6\">\r\n                                    <div class=\"block-centered pt-50\"> \r\n                                        <img class=\"img-responsive\" src=\"https://elmanawy.info/demo/mulan/ltr/images/portfolio/portfolio-single-img-2.png\" alt=\"\">\r\n                                    </div>\r\n                                </div>\r\n                            </div>', '1', NULL);
INSERT INTO `projects` VALUES (8, 1, 'Office Decoration', 'portfolio-img-8.jpeg', 'www.elmanawy.info', '2019-01-04', '  <div class=\"row\">\r\n                                <div class=\"col-sm-6\">\r\n                                    <div class=\"block-centered pt-50\"> \r\n                                        <img src=\"https://elmanawy.info/demo/mulan/ltr/images/portfolio/portfolio-single-img-1.png\" class=\"img-responsive\" alt=\"\"> \r\n                                    </div>\r\n                                </div>\r\n                                <div class=\"col-sm-6\">\r\n                                    <div class=\"text-block pt-50\">\r\n                                        <p>It is a long established fact that a reader will be distracted by the readable content of a page when looking at its layout. The point of using Lorem Ipsum is that it has a more-or-less normal distribution of letters, as opposed to using \'Content here, content here\', making it look like readable English. Many desktop publishing packages and web page editors now use Lorem Ipsum as their default model text, and a search for \'lorem ipsum\' will uncover many web sites still in their infancy. </p>\r\n                                        <p>here are many variations of passages of Lorem Ipsum available, but the majority have suffered alteration in some form, by injected humour, or randomised words which don\'t look even slightly believable. If you are going to use a passage of Lorem Ipsum, you need to be sure there isn\'t anything embarrassing hidden in the middle of text. All the Lorem Ipsum generators on the Internet tend to repeat predefined chunks as necessary </p>\r\n                                    </div>\r\n                                </div>\r\n                            </div>\r\n                            <div class=\"row\">\r\n                                <div class=\"col-sm-6\">\r\n                                    <div class=\"text-block pt-50\">\r\n                                        <p>It is a long established fact that a reader will be distracted by the readable content of a page when looking at its layout. The point of using Lorem Ipsum is that it has a more-or-less normal distribution of letters, as opposed to using \'Content here, content here\', making it look like readable English. Many desktop publishing packages and web page editors now use Lorem Ipsum as their default model text, and a search for \'lorem ipsum\' will uncover many web sites still in their infancy. </p>\r\n                                        <p>here are many variations of passages of Lorem Ipsum available, but the majority have suffered alteration in some form, by injected humour, or randomised words which don\'t look even slightly believable. If you are going to use a passage of Lorem Ipsum, you need to be sure there isn\'t anything embarrassing hidden in the middle of text. All the Lorem Ipsum generators on the Internet tend to repeat predefined chunks as necessary </p>\r\n                                    </div>\r\n                                </div>\r\n                                <div class=\"col-sm-6\">\r\n                                    <div class=\"block-centered pt-50\"> \r\n                                        <img class=\"img-responsive\" src=\"https://elmanawy.info/demo/mulan/ltr/images/portfolio/portfolio-single-img-2.png\" alt=\"\">\r\n                                    </div>\r\n                                </div>\r\n                            </div>', '1', NULL);

-- ----------------------------
-- Table structure for projects_categories
-- ----------------------------
DROP TABLE IF EXISTS `projects_categories`;
CREATE TABLE `projects_categories`  (
  `project_category_id` int NOT NULL AUTO_INCREMENT,
  `title` varchar(250) CHARACTER SET utf8mb3 COLLATE utf8mb3_general_ci NULL DEFAULT NULL,
  PRIMARY KEY (`project_category_id`) USING BTREE
) ENGINE = InnoDB AUTO_INCREMENT = 4 CHARACTER SET = utf8mb3 COLLATE = utf8mb3_general_ci ROW_FORMAT = Dynamic;

-- ----------------------------
-- Records of projects_categories
-- ----------------------------
INSERT INTO `projects_categories` VALUES (1, 'Websites');
INSERT INTO `projects_categories` VALUES (2, 'Decoration');
INSERT INTO `projects_categories` VALUES (3, 'Busniess Logo');

-- ----------------------------
-- Table structure for requested_appointments
-- ----------------------------
DROP TABLE IF EXISTS `requested_appointments`;
CREATE TABLE `requested_appointments`  (
  `requested_appointment_id` int NOT NULL AUTO_INCREMENT,
  `subject` varchar(300) CHARACTER SET utf8mb3 COLLATE utf8mb3_general_ci NULL DEFAULT NULL,
  `message` text CHARACTER SET utf8mb3 COLLATE utf8mb3_general_ci NULL,
  `name` varchar(300) CHARACTER SET utf8mb3 COLLATE utf8mb3_general_ci NULL DEFAULT NULL,
  `email` varchar(300) CHARACTER SET utf8mb3 COLLATE utf8mb3_general_ci NULL DEFAULT NULL,
  `phone` varchar(40) CHARACTER SET utf8mb3 COLLATE utf8mb3_general_ci NULL DEFAULT NULL,
  `date` varchar(100) CHARACTER SET utf8mb3 COLLATE utf8mb3_general_ci NULL DEFAULT NULL,
  `time` varchar(100) CHARACTER SET utf8mb3 COLLATE utf8mb3_general_ci NULL DEFAULT NULL,
  `created` datetime NULL DEFAULT NULL,
  PRIMARY KEY (`requested_appointment_id`) USING BTREE
) ENGINE = MyISAM AUTO_INCREMENT = 2 CHARACTER SET = utf8mb3 COLLATE = utf8mb3_general_ci ROW_FORMAT = Dynamic;

-- ----------------------------
-- Records of requested_appointments
-- ----------------------------
INSERT INTO `requested_appointments` VALUES (1, 'Redesign of my website', 'Hello Dear,\r\n I want to create a new design for my website, Please provide a quotation of it if you have a time. \r\nPlease let me know the price and the cost of it and i will provide the details of the website if you have a time', 'Maronia Muhammad', 'maronia@elmanawy.info', '+20123456789', '06/22/2020', '3:28 pm', '2020-06-12 00:29:06');

-- ----------------------------
-- Table structure for services
-- ----------------------------
DROP TABLE IF EXISTS `services`;
CREATE TABLE `services`  (
  `service_id` int NOT NULL AUTO_INCREMENT,
  `title` varchar(250) CHARACTER SET utf8mb3 COLLATE utf8mb3_general_ci NULL DEFAULT NULL,
  `description` text CHARACTER SET utf8mb3 COLLATE utf8mb3_general_ci NULL,
  `image` varchar(150) CHARACTER SET utf8mb3 COLLATE utf8mb3_general_ci NULL DEFAULT NULL,
  PRIMARY KEY (`service_id`) USING BTREE
) ENGINE = MyISAM AUTO_INCREMENT = 5 CHARACTER SET = utf8mb3 COLLATE = utf8mb3_general_ci ROW_FORMAT = Dynamic;

-- ----------------------------
-- Records of services
-- ----------------------------
INSERT INTO `services` VALUES (1, 'Web Development', 'Pellentesque pellentesque, ipsum sit amet auctor accumsan, odio tortor bibendum massa, sit amet ultricies ex lectus scelerisque nibh. Ut non sodales odio.', '1.png');
INSERT INTO `services` VALUES (2, 'Graphic Design', 'Pellentesque pellentesque, ipsum sit amet auctor accumsan, odio tortor bibendum massa, sit amet ultricies ex lectus scelerisque nibh. Ut non sodales odio.', '2.png');
INSERT INTO `services` VALUES (3, 'Embeded System', 'Pellentesque pellentesque, ipsum sit amet auctor accumsan, odio tortor bibendum massa, sit amet ultricies ex lectus scelerisque nibh. Ut non sodales odio.', '3.png');
INSERT INTO `services` VALUES (4, 'SEO Specialist', 'Pellentesque pellentesque, ipsum sit amet auctor accumsan, odio tortor bibendum massa, sit amet ultricies ex lectus scelerisque nibh. Ut non sodales odio.', '4.png');

-- ----------------------------
-- Table structure for settings
-- ----------------------------
DROP TABLE IF EXISTS `settings`;
CREATE TABLE `settings`  (
  `key` varchar(100) CHARACTER SET utf8mb3 COLLATE utf8mb3_general_ci NOT NULL,
  `value` varchar(250) CHARACTER SET utf8mb3 COLLATE utf8mb3_general_ci NULL DEFAULT NULL,
  `default_value` text CHARACTER SET utf8mb3 COLLATE utf8mb3_general_ci NULL,
  `required` tinyint NOT NULL DEFAULT 0,
  PRIMARY KEY (`key`) USING BTREE
) ENGINE = InnoDB CHARACTER SET = utf8mb3 COLLATE = utf8mb3_general_ci ROW_FORMAT = Dynamic;

-- ----------------------------
-- Records of settings
-- ----------------------------
INSERT INTO `settings` VALUES ('about_bg', 'about-bg.png', NULL, 0);
INSERT INTO `settings` VALUES ('alert', '1', NULL, 0);
INSERT INTO `settings` VALUES ('blog_categories_widget', '1', '1', 0);
INSERT INTO `settings` VALUES ('blog_comments_widget', '1', NULL, 0);
INSERT INTO `settings` VALUES ('blog_latest_widget', '1', NULL, 0);
INSERT INTO `settings` VALUES ('blog_popular_widget', '1', NULL, 0);
INSERT INTO `settings` VALUES ('blog_search_wedgit', '1', NULL, 0);
INSERT INTO `settings` VALUES ('color', 'teal', NULL, 0);
INSERT INTO `settings` VALUES ('contact_bg', 'mailbox.png', NULL, 0);
INSERT INTO `settings` VALUES ('copyright', '© Marwa El-Manawy 2019', '© Marwa El-Manawy 2016 All rights reserved.', 1);
INSERT INTO `settings` VALUES ('crisp_id', '', NULL, 0);
INSERT INTO `settings` VALUES ('direction', 'ltr', NULL, 0);
INSERT INTO `settings` VALUES ('display_appointments', '1', NULL, 0);
INSERT INTO `settings` VALUES ('display_blog', '1', NULL, 0);
INSERT INTO `settings` VALUES ('display_clients', '1', NULL, 0);
INSERT INTO `settings` VALUES ('display_contact_form', '1', NULL, 0);
INSERT INTO `settings` VALUES ('display_crisp', '0', '0', 0);
INSERT INTO `settings` VALUES ('display_dark_mode', '1', '0', 0);
INSERT INTO `settings` VALUES ('display_disqus', '0', '0', 0);
INSERT INTO `settings` VALUES ('display_fun_facts', '1', NULL, 0);
INSERT INTO `settings` VALUES ('display_portfolio', '1', NULL, 0);
INSERT INTO `settings` VALUES ('display_pricing_plans', '1', NULL, 0);
INSERT INTO `settings` VALUES ('display_resume', '1', NULL, 0);
INSERT INTO `settings` VALUES ('display_services', '1', NULL, 0);
INSERT INTO `settings` VALUES ('display_testimonials', '1', NULL, 0);
INSERT INTO `settings` VALUES ('disqus_username', '', NULL, 0);
INSERT INTO `settings` VALUES ('favicon', 'system-favicon.png', NULL, 1);
INSERT INTO `settings` VALUES ('google_analytics_id', '', NULL, 0);
INSERT INTO `settings` VALUES ('google_secret_key', '6LfGwycjAAAAAGsr0W8w3BxuxoO0sZvSyRUT9Zux', NULL, 0);
INSERT INTO `settings` VALUES ('google_site_key', '6LfGwycjAAAAANBZBCWmBuzBOKFMHDK4r5IVYcp9', NULL, 0);
INSERT INTO `settings` VALUES ('home_bg', 'home-bg.jpeg', NULL, 0);
INSERT INTO `settings` VALUES ('language', 'english', 'english', 1);
INSERT INTO `settings` VALUES ('map_key', '', NULL, 0);
INSERT INTO `settings` VALUES ('meta_description', 'Welcome to the Marwa El-Manawy home page, entry point to information about innovative Marwa El-Manawy products and projects, business solutions and business consulting services', 'desc', 0);
INSERT INTO `settings` VALUES ('meta_keywords', '', NULL, 0);
INSERT INTO `settings` VALUES ('meta_robots', '', NULL, 0);
INSERT INTO `settings` VALUES ('meta_twitter_site', '', NULL, 0);
INSERT INTO `settings` VALUES ('portfolio_comments', '1', NULL, 0);
INSERT INTO `settings` VALUES ('portfolio_related', '1', NULL, 0);
INSERT INTO `settings` VALUES ('post_latest_widget', '1', NULL, 0);
INSERT INTO `settings` VALUES ('post_related_widget', '1', NULL, 0);
INSERT INTO `settings` VALUES ('post_search_widget', '1', NULL, 0);
INSERT INTO `settings` VALUES ('post_tags_widget', '1', NULL, 0);
INSERT INTO `settings` VALUES ('title', 'Deni Suryadi - Resume / CV', NULL, 0);
INSERT INTO `settings` VALUES ('visitors', '1', '0', 0);
INSERT INTO `settings` VALUES ('webmaster_email', 'cs@anekaproject.com', NULL, 0);

-- ----------------------------
-- Table structure for skills
-- ----------------------------
DROP TABLE IF EXISTS `skills`;
CREATE TABLE `skills`  (
  `skill_id` int NOT NULL AUTO_INCREMENT,
  `skill_category_id` int NULL DEFAULT NULL,
  `title` varchar(200) CHARACTER SET utf8mb3 COLLATE utf8mb3_general_ci NULL DEFAULT NULL,
  `rate` tinyint NULL DEFAULT NULL,
  PRIMARY KEY (`skill_id`) USING BTREE
) ENGINE = InnoDB AUTO_INCREMENT = 9 CHARACTER SET = utf8mb3 COLLATE = utf8mb3_general_ci ROW_FORMAT = Dynamic;

-- ----------------------------
-- Records of skills
-- ----------------------------
INSERT INTO `skills` VALUES (1, 2, 'PHP', 95);
INSERT INTO `skills` VALUES (2, 2, 'Java', 85);
INSERT INTO `skills` VALUES (3, 2, 'C#', 75);
INSERT INTO `skills` VALUES (4, 2, 'C++', 70);
INSERT INTO `skills` VALUES (5, 3, 'English', 95);
INSERT INTO `skills` VALUES (6, 3, 'Italy', 90);
INSERT INTO `skills` VALUES (7, 3, 'Turky', 85);
INSERT INTO `skills` VALUES (8, 3, 'Arabic', 80);

-- ----------------------------
-- Table structure for skills_categories
-- ----------------------------
DROP TABLE IF EXISTS `skills_categories`;
CREATE TABLE `skills_categories`  (
  `skill_category_id` int NOT NULL AUTO_INCREMENT,
  `title` varchar(200) CHARACTER SET utf8mb3 COLLATE utf8mb3_general_ci NULL DEFAULT NULL,
  PRIMARY KEY (`skill_category_id`) USING BTREE
) ENGINE = InnoDB AUTO_INCREMENT = 4 CHARACTER SET = utf8mb3 COLLATE = utf8mb3_general_ci ROW_FORMAT = Dynamic;

-- ----------------------------
-- Records of skills_categories
-- ----------------------------
INSERT INTO `skills_categories` VALUES (2, 'Work Skills');
INSERT INTO `skills_categories` VALUES (3, 'Language Skills');

-- ----------------------------
-- Table structure for testimonials
-- ----------------------------
DROP TABLE IF EXISTS `testimonials`;
CREATE TABLE `testimonials`  (
  `testimonial_id` int NOT NULL AUTO_INCREMENT,
  `name` varchar(200) CHARACTER SET utf8mb3 COLLATE utf8mb3_general_ci NULL DEFAULT NULL,
  `position` varchar(200) CHARACTER SET utf8mb3 COLLATE utf8mb3_general_ci NULL DEFAULT NULL,
  `message` text CHARACTER SET utf8mb3 COLLATE utf8mb3_general_ci NULL,
  `image` varchar(150) CHARACTER SET utf8mb3 COLLATE utf8mb3_general_ci NULL DEFAULT NULL,
  `rating` int NULL DEFAULT NULL,
  PRIMARY KEY (`testimonial_id`) USING BTREE
) ENGINE = InnoDB AUTO_INCREMENT = 10 CHARACTER SET = utf8mb3 COLLATE = utf8mb3_general_ci ROW_FORMAT = Dynamic;

-- ----------------------------
-- Records of testimonials
-- ----------------------------
INSERT INTO `testimonials` VALUES (3, 'Marwa El-Manawy', 'UI Designer', 'Wow what great experience, I love it! It\'s exactly what I\'ve been looking for. Anna\'s group was the best investment I ever made. I don\'t know if I would have ever made it without her guidance and support!', 'testimonial-avatar-1.jpeg', 5);
INSERT INTO `testimonials` VALUES (5, 'Muhammad El-Manawy', 'Web Developer', 'I like this group more and more each day. It makes my life a lot easier. It\'s really wonderful to be able to get support from like minded entrepreneurs. And Anna is always available to advise us. Thank you so much!', 'testimonial-avatar-2.jpeg', 4);
INSERT INTO `testimonials` VALUES (6, 'Ahmed El-Manawy', 'Mobile Developer', 'Wow what great experience, I love it! It\'s exactly what I\'ve been looking for. Anna\'s group was the best investment I ever made. I don\'t know if I would have ever made it without her guidance and support!', 'testimonial-avatar-3.jpeg', 3);
INSERT INTO `testimonials` VALUES (7, 'Sara Ahmad', 'UI/UX Designer', 'Wow what great experience, I love it! It\'s exactly what I\'ve been looking for. Anna\'s group was the best investment I ever made. I don\'t know if I would have ever made it without her guidance and support!', 'testimonial-avatar-3.jpeg', 1);
INSERT INTO `testimonials` VALUES (8, 'Muhammad El-Manawy', 'Web Developer', 'I like this group more and more each day. It makes my life a lot easier. It\'s really wonderful to be able to get support from like minded entrepreneurs. And Anna is always available to advise us. Thank you so much!', 'testimonial-avatar-2.jpeg', 5);
INSERT INTO `testimonials` VALUES (9, 'Ahmed El-Manawy', 'Project Manager', 'Wow what great experience, I love it! It\'s exactly what I\'ve been looking for. Anna\'s group was the best investment I ever made. I don\'t know if I would have ever made it without her guidance and support!', 'testimonial-avatar-3.jpeg', 4);

-- ----------------------------
-- Table structure for users
-- ----------------------------
DROP TABLE IF EXISTS `users`;
CREATE TABLE `users`  (
  `user_id` int NOT NULL AUTO_INCREMENT,
  `username` varchar(255) CHARACTER SET utf8mb3 COLLATE utf8mb3_general_ci NULL DEFAULT NULL,
  `email` varchar(255) CHARACTER SET utf8mb3 COLLATE utf8mb3_general_ci NULL DEFAULT NULL,
  `password` varchar(32) CHARACTER SET utf8mb3 COLLATE utf8mb3_general_ci NULL DEFAULT NULL,
  PRIMARY KEY (`user_id`) USING BTREE,
  UNIQUE INDEX `email`(`email` ASC) USING BTREE
) ENGINE = InnoDB AUTO_INCREMENT = 2 CHARACTER SET = utf8mb3 COLLATE = utf8mb3_general_ci ROW_FORMAT = Dynamic;

-- ----------------------------
-- Records of users
-- ----------------------------
INSERT INTO `users` VALUES (1, 'Administrator', 'admin@gmail.com', 'f96eb82d9e9bb950c59b4afe13e28e23');

SET FOREIGN_KEY_CHECKS = 1;
